-- phpMyAdmin SQL Dump
-- version 5.2.0-rc1
-- https://www.phpmyadmin.net/
--
-- Host: localhost
-- Czas generowania: 17 Sty 2023, 23:39
-- Wersja serwera: 10.5.15-MariaDB-0+deb11u1
-- Wersja PHP: 7.4.32

SET SQL_MODE = "NO_AUTO_VALUE_ON_ZERO";
START TRANSACTION;
SET time_zone = "+00:00";


/*!40101 SET @OLD_CHARACTER_SET_CLIENT=@@CHARACTER_SET_CLIENT */;
/*!40101 SET @OLD_CHARACTER_SET_RESULTS=@@CHARACTER_SET_RESULTS */;
/*!40101 SET @OLD_COLLATION_CONNECTION=@@COLLATION_CONNECTION */;
/*!40101 SET NAMES utf8mb4 */;

--
-- Baza danych: `awis_test`
--

-- --------------------------------------------------------

--
-- Struktura tabeli dla tabeli `dodawaniekwoty`
--

CREATE TABLE `dodawaniekwoty` (
  `id` int(11) NOT NULL,
  `komu` int(11) NOT NULL,
  `kwota` double(10,2) NOT NULL,
  `kto` int(11) NOT NULL,
  `powod` text DEFAULT NULL
) ENGINE=InnoDB DEFAULT CHARSET=utf8mb4;

--
-- Zrzut danych tabeli `dodawaniekwoty`
--

INSERT INTO `dodawaniekwoty` (`id`, `komu`, `kwota`, `kto`, `powod`) VALUES
(2, 8, 5986.04, 8, 'reset konta'),
(3, 8, -11972.08, 8, 'reset konta\r\n'),
(5, 10, -579.90, 8, 'Reset konta'),
(6, 15, -3170.05, 8, 'Reset konta'),
(8, 18, -1396.31, 8, 'Reset konta'),
(10, 23, -2208.80, 8, 'Reset konta'),
(11, 15, -17.64, 8, 'Jebłem się przy sprawdzaniu trasy i zamiast kary dać Ci 25% dałem 5% sorry XD'),
(12, 1, 9999999.00, 1, 'W szczytnym celu :)'),
(13, 8, 1500.00, 8, '1 miejsce w miesiącu Wrzesień w przejechanych kilometrach. Gratulacje./premia'),
(14, 23, 1000.00, 8, '2 miejsce w miesiącu Wrzesień w przejechanych kilometrach. Gratulacje./premia'),
(15, 15, 500.00, 8, '3 miejsce w miesiącu Wrzesień w przejechanych kilometrach. Gratulacje./premia'),
(16, 30, 1500.00, 8, 'Premia za 1 miejsce w kilometrach w miesiącu Październik. Gratulacje!!! '),
(17, 15, 1000.00, 8, 'Premia za 2 miejsce w kilometrach w miesiącu Październik. Gratulacje!!! '),
(18, 8, 500.00, 8, 'Premia za 3 miejsce w kilometrach w miesiącu Październik. Gratulacje!!! '),
(19, 33, 1500.00, 8, 'Premia za 1 miejsce w przejechanych kilometrach na firmę. Gratulujemy !'),
(20, 30, 1000.00, 8, 'Premia za 2 miejsce w przejechanych kilometrach na firmę. Gratulujemy !'),
(21, 8, 500.00, 8, 'Premia za 3 miejsce w przejechanych kilometrach na firmę. Gratulujemy !'),
(22, 8, -2200.00, 8, 'Za szkolenie bo nie było odjęte '),
(23, 1, 3232.00, 1, 'Brak powodu'),
(24, 1, -3232.00, 1, 'Brak powodu'),
(25, 1, 3232.00, 1, 'Brak powodu'),
(26, 1, -3232.00, 1, 'Brak powodu'),
(27, 1, 3232.00, 1, 'Brak powodu'),
(28, 1, -3232.00, 1, 'Brak powodu');

-- --------------------------------------------------------

--
-- Struktura tabeli dla tabeli `dysphistoria`
--

CREATE TABLE `dysphistoria` (
  `id` int(11) NOT NULL,
  `kto` int(11) NOT NULL,
  `trasa` int(11) NOT NULL,
  `kiedy` datetime NOT NULL DEFAULT current_timestamp(),
  `akcja` int(11) NOT NULL
) ENGINE=InnoDB DEFAULT CHARSET=utf8mb4;

--
-- Zrzut danych tabeli `dysphistoria`
--

INSERT INTO `dysphistoria` (`id`, `kto`, `trasa`, `kiedy`, `akcja`) VALUES
(1, 1, 23, '2021-04-21 22:47:18', 1),
(2, 1, 23, '2021-04-21 22:48:09', 0),
(3, 10, 30, '2021-04-29 20:20:53', 1),
(4, 1, 23, '2021-04-30 16:15:45', 1),
(5, 1, 23, '2021-04-30 16:16:35', 0),
(6, 1, 23, '2021-04-30 16:16:56', 1),
(7, 10, 33, '2021-05-02 22:23:44', 0),
(8, 10, 34, '2021-05-02 22:24:10', 0),
(9, 10, 34, '2021-05-02 22:34:13', 0),
(10, 10, 34, '2021-05-02 22:35:30', 0),
(11, 10, 37, '2021-05-03 21:16:31', 0),
(12, 8, 37, '2021-05-03 21:17:39', 0),
(13, 8, 37, '2021-05-03 21:18:18', 0),
(14, 8, 37, '2021-05-03 21:20:29', 0),
(15, 8, 38, '2021-05-03 21:22:11', 0),
(16, 8, 39, '2021-05-04 00:33:03', 0),
(17, 8, 43, '2021-05-05 17:20:40', 0),
(18, 10, 43, '2021-05-06 00:25:16', 0),
(19, 10, 47, '2021-05-06 12:17:15', 0),
(20, 8, 45, '2021-05-06 13:05:00', 0),
(22, 1, 50, '2021-05-07 14:19:51', 0),
(23, 10, 53, '2021-05-09 22:02:02', 0),
(24, 10, 52, '2021-05-09 22:03:14', 0),
(25, 1, 56, '2021-05-10 10:22:24', 0),
(26, 1, 56, '2021-05-10 10:22:50', 0),
(31, 8, 69, '2021-05-13 18:49:40', 0),
(32, 8, 68, '2021-05-13 18:52:29', 0),
(33, 8, 67, '2021-05-13 18:57:14', 0),
(34, 10, 69, '2021-05-14 20:46:52', 0),
(35, 8, 69, '2021-05-14 22:18:46', 0),
(36, 8, 71, '2021-05-15 17:57:02', 0),
(37, 8, 72, '2021-05-15 18:09:21', 0),
(40, 8, 81, '2021-05-21 15:02:24', 1),
(41, 8, 82, '2021-05-22 21:46:43', 0),
(42, 1, 56, '2021-06-03 16:40:48', 1),
(43, 1, 56, '2021-06-03 16:42:05', 1),
(44, 1, 87, '2021-06-03 16:56:19', 1),
(45, 1, 87, '2021-06-03 16:59:47', 1),
(46, 15, 88, '2021-06-04 00:56:00', 1),
(47, 15, 89, '2021-06-04 01:02:13', 1),
(48, 15, 90, '2021-06-04 01:21:48', 1),
(49, 15, 93, '2021-06-06 14:45:45', 1),
(50, 15, 94, '2021-06-08 19:50:14', 1),
(51, 15, 95, '2021-06-08 19:52:59', 0),
(52, 15, 95, '2021-06-09 18:03:59', 1),
(53, 15, 96, '2021-06-10 23:45:15', 1),
(54, 15, 97, '2021-06-10 23:46:43', 1),
(55, 15, 99, '2021-06-13 17:01:47', 1),
(56, 15, 98, '2021-06-13 17:03:00', 1),
(57, 15, 100, '2021-06-15 19:57:42', 1),
(58, 15, 101, '2021-06-15 19:58:36', 1),
(59, 15, 102, '2021-06-15 20:03:05', 0),
(60, 15, 103, '2021-06-15 20:04:26', 1),
(61, 10, 107, '2021-06-16 14:48:50', 1),
(62, 10, 106, '2021-06-16 14:49:41', 1),
(63, 10, 105, '2021-06-16 14:50:35', 1),
(64, 10, 104, '2021-06-16 14:51:22', 1),
(65, 10, 102, '2021-06-16 14:52:10', 1),
(66, 15, 102, '2021-06-16 14:52:21', 1),
(67, 8, 108, '2021-06-18 20:02:35', 1),
(68, 15, 109, '2021-06-18 23:50:03', 1),
(69, 8, 110, '2021-06-19 14:38:42', 1),
(70, 15, 113, '2021-06-19 16:27:00', 1),
(71, 15, 111, '2021-06-19 16:28:26', 1),
(72, 8, 115, '2021-06-19 17:55:02', 0),
(73, 8, 114, '2021-06-19 17:56:17', 1),
(74, 15, 112, '2021-06-20 19:00:17', 1),
(75, 10, 116, '2021-06-20 23:28:25', 1),
(76, 10, 117, '2021-06-20 23:28:34', 0),
(77, 15, 119, '2021-06-21 20:07:23', 1),
(78, 15, 118, '2021-06-21 20:08:24', 1),
(79, 8, 121, '2021-06-22 13:38:16', 1),
(80, 8, 120, '2021-06-22 13:40:28', 1),
(81, 8, 122, '2021-06-22 13:41:35', 1),
(82, 10, 123, '2021-06-22 13:48:15', 1),
(83, 15, 126, '2021-06-23 17:17:07', 1),
(84, 15, 127, '2021-06-23 17:18:02', 1),
(85, 15, 129, '2021-06-23 17:19:08', 1),
(86, 15, 128, '2021-06-23 17:20:59', 1),
(87, 15, 131, '2021-06-23 17:21:47', 1),
(88, 15, 132, '2021-06-23 17:27:05', 1),
(89, 15, 130, '2021-06-23 17:31:27', 1),
(90, 8, 134, '2021-06-23 20:52:13', 1),
(91, 8, 133, '2021-06-23 20:56:29', 1),
(92, 8, 125, '2021-06-23 20:59:02', 1),
(93, 8, 124, '2021-06-23 21:00:34', 1),
(94, 15, 135, '2021-06-24 03:31:58', 1),
(95, 15, 136, '2021-06-24 03:35:24', 1),
(96, 15, 141, '2021-06-24 18:42:18', 1),
(97, 15, 138, '2021-06-24 18:43:23', 1),
(98, 15, 140, '2021-06-24 18:45:40', 1),
(99, 15, 139, '2021-06-24 18:47:35', 1),
(100, 15, 142, '2021-06-24 18:48:53', 1),
(101, 15, 144, '2021-06-24 18:50:59', 1),
(102, 15, 143, '2021-06-24 18:52:14', 1),
(103, 15, 146, '2021-06-24 18:55:26', 1),
(104, 15, 145, '2021-06-24 18:57:22', 1),
(105, 15, 147, '2021-06-24 18:59:02', 1),
(106, 10, 148, '2021-06-24 21:13:26', 1),
(107, 10, 149, '2021-06-24 21:14:54', 1),
(108, 10, 137, '2021-06-24 21:16:07', 1),
(109, 10, 150, '2021-06-25 19:20:17', 0),
(110, 10, 154, '2021-06-25 19:35:16', 1),
(111, 15, 151, '2021-06-26 02:35:50', 1),
(112, 15, 152, '2021-06-26 02:36:56', 1),
(113, 15, 156, '2021-06-26 02:53:09', 1),
(114, 15, 157, '2021-06-26 02:54:58', 1),
(115, 8, 155, '2021-06-26 16:50:26', 0),
(116, 8, 153, '2021-06-26 16:50:47', 0),
(117, 8, 159, '2021-06-26 16:53:04', 1),
(118, 8, 158, '2021-06-26 16:56:29', 0),
(119, 8, 158, '2021-06-26 16:58:56', 1),
(120, 8, 160, '2021-06-26 17:01:50', 1),
(121, 8, 161, '2021-06-26 17:03:21', 1),
(122, 8, 162, '2021-06-26 20:25:57', 1),
(123, 8, 163, '2021-06-26 20:28:43', 1),
(125, 8, 165, '2021-06-27 01:46:42', 1),
(126, 8, 164, '2021-06-27 01:48:36', 1),
(127, 15, 166, '2021-06-27 20:15:43', 1),
(128, 15, 167, '2021-06-27 20:16:44', 1),
(129, 15, 169, '2021-06-27 20:17:59', 1),
(130, 15, 170, '2021-06-27 20:19:05', 1),
(131, 8, 168, '2021-06-27 23:28:41', 1),
(132, 15, 171, '2021-06-27 23:57:50', 1),
(133, 8, 175, '2021-06-28 15:43:05', 1),
(134, 8, 174, '2021-06-28 15:44:33', 1),
(135, 8, 172, '2021-06-28 15:46:14', 0),
(136, 8, 173, '2021-06-28 15:47:30', 1),
(137, 8, 172, '2021-06-28 15:51:24', 1),
(138, 15, 176, '2021-06-28 16:18:20', 1),
(139, 15, 177, '2021-06-28 16:21:41', 1),
(140, 15, 178, '2021-06-28 16:26:45', 1),
(141, 8, 179, '2021-06-29 12:21:17', 0),
(142, 15, 180, '2021-06-30 14:37:03', 1),
(143, 8, 183, '2021-06-30 20:07:10', 1),
(144, 8, 181, '2021-06-30 20:09:24', 1),
(145, 15, 184, '2021-07-01 14:52:54', 1),
(146, 15, 185, '2021-07-01 14:53:54', 1),
(147, 8, 186, '2021-07-02 11:15:57', 1),
(148, 15, 187, '2021-07-02 18:34:35', 1),
(149, 8, 188, '2021-07-03 00:13:55', 1),
(150, 8, 189, '2021-07-03 00:16:08', 0),
(151, 8, 190, '2021-07-03 01:55:44', 1),
(152, 15, 192, '2021-07-03 20:17:14', 1),
(153, 15, 195, '2021-07-03 20:21:22', 1),
(154, 15, 194, '2021-07-03 20:22:25', 1),
(155, 15, 193, '2021-07-03 20:23:33', 1),
(156, 15, 191, '2021-07-03 20:25:05', 1),
(157, 15, 189, '2021-07-03 20:26:09', 1),
(158, 15, 196, '2021-07-04 17:59:40', 1),
(159, 15, 197, '2021-07-04 18:00:39', 1),
(160, 15, 198, '2021-07-04 18:02:07', 1),
(161, 15, 202, '2021-07-05 17:48:31', 0),
(162, 15, 203, '2021-07-05 17:52:09', 1),
(163, 15, 199, '2021-07-05 17:52:59', 1),
(164, 15, 200, '2021-07-05 17:55:56', 0),
(165, 15, 201, '2021-07-05 17:57:49', 1),
(166, 15, 204, '2021-07-05 17:58:45', 1),
(167, 15, 205, '2021-07-05 17:59:43', 1),
(168, 15, 202, '2021-07-06 17:54:12', 1),
(169, 15, 200, '2021-07-06 17:55:58', 1),
(170, 15, 209, '2021-07-06 17:57:07', 1),
(171, 8, 206, '2021-07-07 00:30:04', 1),
(172, 8, 207, '2021-07-07 00:31:04', 1),
(173, 8, 208, '2021-07-07 00:32:12', 1),
(174, 8, 210, '2021-07-07 00:33:46', 1),
(175, 8, 211, '2021-07-07 00:35:10', 0),
(176, 8, 211, '2021-07-07 10:52:58', 0),
(177, 8, 179, '2021-07-08 16:09:13', 0),
(178, 8, 213, '2021-07-08 16:12:43', 1),
(179, 8, 212, '2021-07-08 16:13:48', 1),
(180, 8, 214, '2021-07-08 16:15:37', 1),
(181, 8, 215, '2021-07-08 16:17:17', 0),
(182, 8, 216, '2021-07-08 16:18:28', 1),
(183, 8, 217, '2021-07-08 16:20:06', 1),
(184, 8, 218, '2021-07-08 16:22:19', 1),
(185, 8, 219, '2021-07-08 16:23:34', 1),
(186, 8, 220, '2021-07-08 16:24:29', 1),
(187, 8, 226, '2021-07-09 02:11:31', 1),
(188, 8, 227, '2021-07-09 02:15:14', 1),
(189, 8, 228, '2021-07-09 02:17:48', 1),
(190, 8, 235, '2021-07-10 00:57:47', 0),
(191, 8, 236, '2021-07-10 01:00:30', 1),
(192, 8, 235, '2021-07-10 01:00:45', 1),
(193, 8, 234, '2021-07-10 01:03:51', 1),
(194, 8, 215, '2021-07-10 01:06:02', 1),
(195, 8, 233, '2021-07-10 01:07:29', 1),
(196, 8, 229, '2021-07-10 01:09:05', 1),
(197, 15, 245, '2021-07-11 18:34:08', 1),
(198, 15, 244, '2021-07-11 18:37:45', 1),
(199, 15, 242, '2021-07-11 18:39:50', 1),
(200, 15, 241, '2021-07-11 18:42:06', 1),
(201, 15, 248, '2021-07-11 18:48:30', 1),
(202, 15, 247, '2021-07-11 18:50:49', 1),
(203, 15, 246, '2021-07-11 18:53:10', 1),
(204, 15, 243, '2021-07-11 18:55:21', 1),
(205, 15, 240, '2021-07-11 18:57:50', 1),
(206, 15, 239, '2021-07-11 18:59:17', 1),
(207, 15, 232, '2021-07-11 19:01:10', 1),
(208, 15, 231, '2021-07-11 19:02:43', 1),
(209, 15, 230, '2021-07-11 19:04:18', 1),
(210, 15, 238, '2021-07-11 19:05:25', 1),
(211, 15, 237, '2021-07-11 19:08:07', 1),
(212, 15, 225, '2021-07-11 19:09:43', 1),
(213, 15, 223, '2021-07-11 19:12:25', 1),
(214, 15, 222, '2021-07-11 19:13:17', 1),
(215, 15, 221, '2021-07-11 19:14:05', 1),
(216, 15, 224, '2021-07-11 19:16:21', 1),
(217, 15, 249, '2021-07-11 20:00:35', 1),
(218, 15, 250, '2021-07-11 20:03:00', 1),
(219, 15, 253, '2021-07-12 19:40:28', 1),
(220, 8, 251, '2021-07-14 14:30:01', 1),
(221, 8, 252, '2021-07-14 14:31:43', 1),
(222, 8, 254, '2021-07-14 14:33:08', 1),
(223, 15, 255, '2021-07-15 00:56:49', 1),
(224, 15, 256, '2021-07-15 00:59:13', 1),
(225, 15, 265, '2021-07-17 02:53:47', 1),
(226, 15, 259, '2021-07-17 02:56:37', 0),
(227, 15, 260, '2021-07-17 02:59:13', 1),
(228, 15, 261, '2021-07-17 03:00:46', 1),
(229, 15, 257, '2021-07-17 03:01:50', 1),
(230, 15, 258, '2021-07-17 03:03:47', 1),
(231, 15, 262, '2021-07-17 03:05:13', 1),
(232, 15, 259, '2021-07-17 03:28:58', 1),
(233, 15, 267, '2021-07-17 03:35:47', 0),
(234, 8, 263, '2021-07-17 12:39:30', 0),
(235, 8, 264, '2021-07-17 12:45:37', 0),
(236, 8, 266, '2021-07-17 12:51:03', 1),
(237, 8, 271, '2021-07-17 12:57:27', 1),
(238, 8, 270, '2021-07-17 12:59:26', 1),
(239, 8, 272, '2021-07-17 13:02:08', 1),
(240, 8, 273, '2021-07-17 15:44:18', 0),
(241, 8, 273, '2021-07-17 15:50:00', 1),
(242, 8, 264, '2021-07-17 16:56:54', 1),
(243, 8, 263, '2021-07-17 16:57:05', 1),
(244, 15, 278, '2021-07-18 02:55:14', 1),
(245, 15, 277, '2021-07-18 02:56:24', 1),
(246, 15, 283, '2021-07-18 03:01:14', 0),
(247, 15, 276, '2021-07-18 03:02:51', 1),
(248, 15, 275, '2021-07-18 03:04:54', 1),
(249, 15, 269, '2021-07-18 03:09:14', 1),
(250, 15, 268, '2021-07-18 03:12:53', 1),
(251, 15, 282, '2021-07-18 03:15:05', 1),
(252, 15, 279, '2021-07-18 03:16:56', 1),
(253, 15, 267, '2021-07-18 03:19:27', 1),
(254, 10, 283, '2021-07-18 11:31:48', 1),
(255, 10, 280, '2021-07-18 11:33:10', 1),
(256, 10, 274, '2021-07-18 11:42:48', 1),
(257, 10, 281, '2021-07-18 14:41:43', 1),
(258, 10, 285, '2021-07-18 14:43:15', 1),
(259, 8, 284, '2021-07-19 15:27:59', 1),
(260, 8, 286, '2021-07-19 15:31:30', 1),
(261, 8, 287, '2021-07-19 15:33:58', 1),
(262, 8, 288, '2021-07-19 15:37:41', 1),
(263, 8, 289, '2021-07-19 15:40:54', 0),
(264, 8, 290, '2021-07-19 15:44:10', 1),
(265, 8, 294, '2021-07-19 15:47:59', 1),
(266, 8, 291, '2021-07-19 15:51:36', 0),
(267, 8, 289, '2021-07-20 14:34:12', 1),
(268, 8, 291, '2021-07-20 17:19:10', 1),
(269, 8, 293, '2021-07-20 17:21:44', 1),
(270, 8, 299, '2021-07-20 17:24:04', 0),
(271, 8, 300, '2021-07-20 17:25:48', 1),
(272, 8, 298, '2021-07-20 17:27:37', 1),
(273, 8, 297, '2021-07-20 17:30:15', 1),
(274, 8, 296, '2021-07-20 17:31:29', 1),
(275, 8, 292, '2021-07-20 17:35:16', 1),
(276, 8, 295, '2021-07-20 17:36:53', 0),
(277, 8, 299, '2021-07-20 17:45:18', 1),
(278, 8, 295, '2021-07-20 17:57:19', 1),
(279, 15, 301, '2021-07-20 23:28:45', 1),
(280, 15, 302, '2021-07-20 23:29:51', 1),
(281, 15, 303, '2021-07-20 23:30:59', 1),
(282, 15, 304, '2021-07-20 23:31:46', 1),
(283, 8, 305, '2021-07-22 12:34:54', 0),
(284, 8, 306, '2021-07-22 12:38:34', 1),
(285, 8, 310, '2021-07-22 12:40:24', 1),
(286, 8, 311, '2021-07-22 12:41:48', 1),
(287, 8, 312, '2021-07-22 12:42:59', 1),
(288, 8, 313, '2021-07-22 12:45:21', 0),
(289, 8, 315, '2021-07-22 12:46:38', 1),
(290, 8, 307, '2021-07-22 12:48:29', 1),
(291, 8, 308, '2021-07-22 12:49:53', 1),
(292, 8, 309, '2021-07-22 12:51:50', 1),
(293, 8, 314, '2021-07-22 12:54:02', 0),
(294, 8, 316, '2021-07-22 12:55:38', 0),
(295, 8, 305, '2021-07-22 15:52:35', 1),
(296, 8, 316, '2021-07-22 15:54:36', 1),
(297, 8, 314, '2021-07-22 15:54:49', 1),
(298, 8, 313, '2021-07-22 15:54:57', 1),
(299, 8, 317, '2021-07-23 12:58:31', 1),
(300, 10, 320, '2021-07-24 14:39:31', 1),
(301, 10, 319, '2021-07-24 14:45:59', 1),
(305, 1, 322, '2021-07-24 18:31:54', 0),
(306, 1, 322, '2021-07-24 18:34:21', 0),
(307, 1, 322, '2021-07-24 18:35:51', 0),
(308, 15, 318, '2021-07-24 23:03:18', 1),
(309, 15, 324, '2021-07-24 23:05:50', 1),
(310, 15, 325, '2021-07-24 23:07:08', 1),
(311, 10, 323, '2021-07-24 23:07:22', 1),
(312, 15, 326, '2021-07-25 22:31:56', 1),
(313, 15, 327, '2021-07-25 22:33:04', 1),
(314, 15, 328, '2021-07-25 22:36:37', 1),
(315, 15, 329, '2021-07-25 22:39:09', 0),
(316, 15, 329, '2021-07-26 00:09:31', 1),
(317, 15, 330, '2021-07-28 00:55:23', 1),
(318, 15, 332, '2021-07-28 01:03:20', 1),
(319, 8, 333, '2021-07-28 13:48:59', 1),
(320, 8, 334, '2021-07-28 13:53:25', 0),
(321, 8, 335, '2021-07-28 13:56:57', 1),
(322, 8, 336, '2021-07-28 13:58:17', 1),
(323, 8, 339, '2021-07-28 14:09:42', 0),
(324, 8, 339, '2021-07-28 14:28:16', 1),
(325, 8, 340, '2021-07-28 22:47:59', 1),
(326, 8, 341, '2021-07-28 22:52:03', 1),
(327, 10, 338, '2021-07-29 13:26:28', 1),
(328, 10, 337, '2021-07-29 13:27:25', 1),
(329, 8, 342, '2021-07-30 21:26:56', 0),
(330, 15, 343, '2021-08-02 02:29:43', 0),
(331, 8, 343, '2021-08-03 13:33:15', 1),
(332, 8, 346, '2021-08-03 13:35:02', 0),
(333, 15, 344, '2021-08-03 19:39:39', 1),
(334, 15, 345, '2021-08-03 19:40:28', 1),
(335, 8, 346, '2021-08-03 22:01:26', 1),
(336, 8, 347, '2021-08-04 23:29:00', 1),
(337, 15, 348, '2021-08-05 21:09:55', 1),
(338, 15, 349, '2021-08-07 12:54:18', 1),
(339, 15, 350, '2021-08-07 13:07:32', 1),
(340, 15, 351, '2021-08-07 13:08:24', 1),
(341, 15, 352, '2021-08-07 13:09:36', 1),
(342, 15, 353, '2021-08-07 13:10:40', 1),
(343, 8, 355, '2021-08-11 13:24:26', 1),
(344, 8, 356, '2021-08-11 13:26:35', 0),
(345, 8, 357, '2021-08-11 13:30:27', 1),
(346, 8, 354, '2021-08-11 13:32:21', 1),
(347, 15, 356, '2021-08-13 20:57:33', 0),
(348, 8, 358, '2021-08-23 15:56:13', 0),
(349, 8, 358, '2021-08-23 15:56:50', 0),
(350, 8, 358, '2021-08-23 15:59:18', 0),
(351, 8, 358, '2021-08-23 16:00:03', 0),
(352, 1, 359, '2021-08-23 16:07:09', 0),
(353, 1, 356, '2021-08-23 16:19:00', 0),
(354, 15, 360, '2021-09-08 20:39:14', 1),
(355, 15, 361, '2021-09-08 20:40:45', 1),
(356, 8, 364, '2021-09-12 01:28:53', 0),
(357, 15, 362, '2021-09-12 23:34:59', 1),
(358, 15, 363, '2021-09-12 23:35:49', 1),
(359, 15, 366, '2021-09-12 23:38:37', 1),
(360, 15, 365, '2021-09-12 23:38:50', 0),
(361, 15, 364, '2021-09-12 23:40:28', 1),
(362, 15, 367, '2021-09-18 16:42:02', 1),
(363, 15, 368, '2021-09-18 16:44:25', 1),
(364, 15, 369, '2021-09-18 16:44:55', 0),
(365, 8, 370, '2021-09-21 12:56:55', 1),
(366, 8, 371, '2021-09-21 12:57:52', 1),
(367, 8, 372, '2021-09-22 10:45:45', 1),
(368, 15, 369, '2021-09-22 13:33:44', 1),
(369, 15, 373, '2021-09-22 13:35:49', 1),
(370, 15, 375, '2021-09-26 16:48:33', 0),
(371, 15, 377, '2021-09-26 16:49:44', 1),
(372, 15, 378, '2021-09-26 16:50:30', 1),
(373, 15, 379, '2021-09-26 16:51:24', 1),
(374, 15, 375, '2021-09-26 16:51:35', 1),
(375, 15, 380, '2021-09-26 16:52:18', 1),
(376, 15, 383, '2021-09-26 16:56:19', 0),
(377, 15, 384, '2021-09-26 16:57:19', 1),
(378, 15, 385, '2021-09-26 16:58:16', 1),
(379, 8, 387, '2021-09-27 17:23:50', 0),
(380, 8, 388, '2021-09-27 17:25:42', 0),
(381, 8, 386, '2021-09-27 17:27:27', 1),
(382, 8, 374, '2021-09-27 17:28:47', 1),
(383, 8, 376, '2021-09-27 17:29:45', 1),
(384, 8, 381, '2021-09-27 17:30:47', 1),
(385, 8, 382, '2021-09-27 17:31:40', 1),
(386, 8, 387, '2021-09-29 00:05:31', 1),
(387, 8, 388, '2021-09-29 00:05:42', 1),
(388, 8, 390, '2021-09-29 00:07:18', 1),
(389, 8, 395, '2021-09-29 20:55:50', 1),
(390, 15, 389, '2021-09-29 23:18:18', 1),
(391, 15, 394, '2021-09-29 23:19:10', 1),
(392, 15, 396, '2021-09-29 23:20:39', 1),
(393, 15, 391, '2021-09-29 23:23:01', 1),
(394, 15, 392, '2021-09-29 23:26:18', 1),
(395, 8, 397, '2021-10-03 15:13:05', 1),
(396, 8, 398, '2021-10-03 15:14:18', 1),
(397, 8, 399, '2021-10-04 21:58:52', 1),
(398, 8, 402, '2021-10-05 18:52:27', 1),
(399, 8, 403, '2021-10-05 18:53:38', 1),
(400, 8, 404, '2021-10-05 19:00:53', 1),
(401, 15, 400, '2021-10-05 19:01:37', 1),
(402, 8, 405, '2021-10-05 19:02:17', 1),
(403, 15, 401, '2021-10-05 19:02:40', 1),
(404, 8, 406, '2021-10-09 15:36:42', 0),
(405, 8, 406, '2021-10-10 02:23:22', 1),
(406, 15, 407, '2021-10-11 19:08:47', 1),
(407, 15, 408, '2021-10-11 19:10:47', 0),
(408, 15, 409, '2021-10-11 19:12:20', 0),
(409, 15, 409, '2021-10-11 19:17:28', 1),
(410, 15, 411, '2021-10-11 19:19:34', 1),
(411, 8, 410, '2021-10-11 19:19:53', 1),
(412, 8, 412, '2021-10-11 19:24:49', 0),
(413, 8, 412, '2021-10-11 19:27:27', 1),
(414, 8, 413, '2021-10-12 12:46:03', 0),
(415, 8, 413, '2021-10-12 14:14:19', 1),
(416, 8, 408, '2021-10-12 20:18:00', 1),
(417, 8, 414, '2021-10-12 20:21:28', 0),
(418, 8, 415, '2021-10-12 20:24:10', 0),
(419, 8, 416, '2021-10-12 20:26:25', 0),
(420, 8, 414, '2021-10-12 21:34:19', 1),
(421, 8, 415, '2021-10-12 21:34:37', 1),
(422, 8, 416, '2021-10-12 21:34:48', 1),
(423, 15, 417, '2021-10-13 23:48:47', 0),
(424, 8, 418, '2021-10-14 20:40:17', 0),
(425, 8, 419, '2021-10-14 20:41:59', 1),
(426, 15, 418, '2021-10-14 23:08:06', 0),
(427, 15, 418, '2021-10-16 01:17:22', 1),
(428, 15, 420, '2021-10-16 03:38:40', 1),
(429, 8, 423, '2021-10-17 01:22:27', 0),
(430, 8, 423, '2021-10-17 01:28:51', 1),
(431, 8, 421, '2021-10-17 01:44:17', 0),
(432, 8, 422, '2021-10-17 01:45:39', 0),
(433, 8, 421, '2021-10-17 01:45:59', 1),
(434, 8, 424, '2021-10-17 01:47:27', 1),
(435, 8, 422, '2021-10-17 01:47:31', 1),
(436, 15, 425, '2021-10-17 01:53:09', 1),
(437, 8, 426, '2021-10-17 12:17:25', 0),
(438, 8, 427, '2021-10-17 12:21:44', 0),
(439, 8, 426, '2021-10-17 12:28:50', 1),
(440, 8, 427, '2021-10-17 12:30:17', 1),
(441, 8, 429, '2021-10-17 19:42:32', 0),
(442, 8, 428, '2021-10-17 19:44:57', 1),
(443, 8, 429, '2021-10-17 20:31:38', 1),
(444, 8, 430, '2021-10-18 14:36:31', 1),
(445, 8, 431, '2021-10-18 14:38:02', 1),
(446, 8, 432, '2021-10-18 14:39:05', 1),
(447, 8, 434, '2021-10-19 16:59:44', 0),
(448, 8, 437, '2021-10-19 17:04:16', 0),
(449, 8, 435, '2021-10-19 17:06:57', 1),
(450, 8, 436, '2021-10-19 17:08:52', 1),
(451, 8, 438, '2021-10-19 17:10:38', 1),
(452, 8, 439, '2021-10-19 17:12:18', 1),
(453, 8, 434, '2021-10-19 17:12:47', 1),
(454, 15, 433, '2021-10-19 18:08:31', 1),
(455, 15, 442, '2021-10-20 13:56:29', 1),
(456, 8, 440, '2021-10-22 17:11:21', 1),
(457, 8, 441, '2021-10-22 17:12:38', 1),
(458, 8, 443, '2021-10-22 17:16:12', 1),
(459, 8, 444, '2021-10-22 17:18:15', 1),
(460, 8, 445, '2021-10-22 17:21:32', 1),
(461, 8, 446, '2021-10-22 17:22:45', 1),
(462, 15, 447, '2021-10-23 14:52:06', 1),
(463, 15, 448, '2021-10-23 14:53:02', 1),
(464, 15, 452, '2021-10-24 14:36:07', 1),
(465, 15, 454, '2021-10-24 14:36:56', 1),
(466, 15, 453, '2021-10-24 14:37:45', 1),
(467, 15, 457, '2021-10-24 17:36:21', 0),
(468, 15, 451, '2021-10-25 21:13:11', 0),
(469, 15, 456, '2021-10-25 21:25:38', 1),
(470, 15, 451, '2021-10-25 21:37:43', 1),
(471, 15, 461, '2021-10-26 14:25:18', 1),
(472, 15, 462, '2021-10-26 14:26:35', 1),
(473, 15, 463, '2021-10-26 17:02:34', 1),
(474, 8, 449, '2021-10-27 13:46:26', 1),
(475, 8, 450, '2021-10-27 13:49:10', 1),
(476, 8, 455, '2021-10-27 13:52:10', 1),
(477, 8, 458, '2021-10-27 13:54:38', 1),
(478, 8, 459, '2021-10-27 13:56:29', 1),
(479, 8, 460, '2021-10-27 13:58:37', 1),
(480, 8, 464, '2021-10-28 00:26:44', 1),
(481, 8, 466, '2021-10-28 00:34:56', 1),
(482, 15, 465, '2021-10-28 01:18:50', 1),
(483, 8, 467, '2021-10-28 22:57:20', 1),
(484, 8, 468, '2021-10-28 23:02:58', 1),
(485, 8, 469, '2021-10-28 23:04:43', 1),
(486, 8, 470, '2021-10-28 23:07:11', 1),
(487, 8, 472, '2021-10-30 01:10:45', 1),
(488, 8, 473, '2021-10-30 01:14:31', 1),
(489, 8, 476, '2021-10-30 01:16:37', 0),
(490, 8, 474, '2021-10-30 01:20:19', 1),
(491, 8, 474, '2021-10-30 01:23:04', 0),
(492, 8, 475, '2021-10-30 01:25:07', 1),
(493, 8, 477, '2021-10-30 01:29:46', 0),
(494, 15, 471, '2021-10-30 21:00:34', 1),
(495, 15, 474, '2021-10-30 21:01:58', 1),
(496, 15, 478, '2021-10-30 21:04:16', 1),
(497, 15, 479, '2021-10-30 21:05:20', 1),
(498, 15, 480, '2021-10-30 21:06:02', 1),
(499, 15, 481, '2021-10-30 21:07:09', 1),
(500, 15, 484, '2021-10-30 21:09:41', 1),
(501, 15, 485, '2021-10-30 21:10:27', 1),
(502, 15, 486, '2021-10-30 21:11:27', 1),
(503, 15, 487, '2021-10-30 21:13:44', 0),
(504, 15, 487, '2021-10-30 21:40:33', 1),
(505, 15, 476, '2021-10-31 01:55:51', 1),
(506, 15, 477, '2021-10-31 01:56:48', 1),
(507, 15, 482, '2021-10-31 01:57:57', 1),
(508, 15, 483, '2021-10-31 01:59:58', 1),
(509, 15, 488, '2021-10-31 18:26:18', 1),
(510, 15, 490, '2021-11-01 02:57:22', 1),
(511, 8, 489, '2021-11-02 14:44:42', 1),
(512, 8, 491, '2021-11-02 14:47:35', 1),
(513, 8, 492, '2021-11-02 14:48:48', 1),
(514, 15, 493, '2021-11-03 20:53:08', 1),
(515, 15, 494, '2021-11-06 18:29:02', 1),
(516, 15, 495, '2021-11-06 18:30:19', 1),
(517, 15, 496, '2021-11-06 18:31:38', 1),
(518, 15, 497, '2021-11-06 18:33:01', 1),
(519, 15, 498, '2021-11-06 18:33:35', 1),
(520, 15, 499, '2021-11-06 18:34:21', 1),
(521, 15, 500, '2021-11-06 18:34:59', 1),
(522, 15, 501, '2021-11-06 18:36:43', 1),
(523, 15, 502, '2021-11-06 18:50:45', 1),
(524, 15, 503, '2021-11-06 18:53:56', 0),
(525, 15, 504, '2021-11-06 18:57:38', 1),
(526, 15, 505, '2021-11-06 18:58:42', 1),
(527, 15, 506, '2021-11-06 19:00:42', 1),
(528, 15, 507, '2021-11-06 19:01:39', 1),
(529, 8, 508, '2021-11-09 01:25:49', 0),
(530, 8, 509, '2021-11-09 01:27:34', 0),
(531, 8, 510, '2021-11-09 01:29:49', 0),
(532, 8, 503, '2021-11-09 01:31:22', 1),
(533, 8, 511, '2021-11-09 01:34:41', 0),
(534, 8, 508, '2021-11-09 01:35:24', 1),
(535, 8, 509, '2021-11-09 01:35:39', 1),
(536, 8, 510, '2021-11-09 01:35:58', 1),
(537, 8, 511, '2021-11-09 01:36:09', 1),
(538, 8, 512, '2021-11-09 01:39:54', 1),
(539, 8, 523, '2021-11-09 01:43:03', 0),
(540, 8, 514, '2021-11-09 01:45:19', 1),
(541, 8, 523, '2021-11-09 01:45:36', 1),
(542, 8, 515, '2021-11-09 01:47:21', 1),
(543, 8, 516, '2021-11-09 01:50:40', 0),
(544, 8, 517, '2021-11-09 01:52:07', 1),
(545, 8, 518, '2021-11-09 01:53:51', 1),
(546, 8, 516, '2021-11-09 22:06:04', 1),
(547, 8, 524, '2021-11-09 22:07:21', 1),
(548, 8, 525, '2021-11-09 22:08:31', 1),
(549, 15, 513, '2021-11-10 03:48:40', 1),
(550, 15, 519, '2021-11-10 03:50:54', 1),
(551, 15, 520, '2021-11-10 03:51:46', 1),
(552, 15, 521, '2021-11-10 03:53:05', 1),
(553, 15, 522, '2021-11-10 03:54:06', 1),
(554, 15, 526, '2021-11-10 03:55:40', 1),
(555, 15, 527, '2021-11-10 03:57:16', 1),
(556, 8, 528, '2021-11-10 19:53:07', 1),
(557, 8, 531, '2021-11-10 19:55:39', 0),
(558, 8, 529, '2021-11-10 19:58:01', 1),
(559, 15, 530, '2021-11-11 22:50:04', 1),
(560, 15, 531, '2021-11-11 22:51:00', 1),
(561, 15, 532, '2021-11-11 22:52:46', 0),
(562, 15, 533, '2021-11-11 22:53:55', 1),
(563, 15, 534, '2021-11-11 22:55:28', 1),
(564, 15, 535, '2021-11-11 22:56:22', 1),
(565, 15, 536, '2021-11-11 22:57:13', 1),
(566, 15, 532, '2021-11-12 00:48:33', 1),
(567, 15, 537, '2021-11-12 00:53:21', 1),
(568, 8, 538, '2021-11-13 23:43:28', 1),
(569, 8, 542, '2021-11-13 23:44:58', 1),
(570, 8, 543, '2021-11-13 23:46:24', 1),
(571, 8, 539, '2021-11-13 23:47:50', 0),
(572, 8, 547, '2021-11-13 23:49:11', 1),
(573, 8, 548, '2021-11-15 00:59:58', 0),
(574, 8, 549, '2021-11-15 01:01:27', 1),
(575, 8, 550, '2021-11-15 01:02:51', 1),
(576, 8, 551, '2021-11-15 01:04:05', 1),
(577, 8, 552, '2021-11-15 01:06:03', 0),
(578, 8, 553, '2021-11-15 01:07:16', 1),
(579, 8, 539, '2021-11-15 18:26:49', 1),
(580, 8, 548, '2021-11-15 18:28:15', 0),
(581, 8, 552, '2021-11-15 18:28:23', 1),
(582, 8, 548, '2021-11-15 23:49:00', 1),
(583, 15, 540, '2021-11-16 23:44:04', 1),
(584, 15, 541, '2021-11-16 23:44:55', 1),
(585, 15, 544, '2021-11-16 23:46:20', 1),
(586, 15, 545, '2021-11-16 23:46:49', 1),
(587, 15, 546, '2021-11-16 23:49:48', 1),
(588, 15, 554, '2021-11-16 23:50:51', 1),
(589, 15, 555, '2021-11-16 23:51:42', 1),
(590, 15, 556, '2021-11-16 23:52:28', 1),
(591, 15, 557, '2021-11-16 23:53:07', 1),
(592, 15, 558, '2021-11-16 23:54:01', 1),
(593, 15, 559, '2021-11-16 23:54:44', 1),
(594, 8, 560, '2021-11-19 22:36:44', 0),
(595, 8, 561, '2021-11-19 22:40:34', 0),
(596, 8, 562, '2021-11-19 22:42:56', 1),
(597, 8, 562, '2021-11-19 22:43:25', 1),
(598, 8, 563, '2021-11-19 22:47:36', 1),
(599, 8, 564, '2021-11-19 22:49:30', 1),
(600, 8, 565, '2021-11-19 22:53:01', 1),
(601, 8, 566, '2021-11-19 22:55:55', 1),
(602, 8, 567, '2021-11-19 23:00:34', 0),
(603, 8, 561, '2021-11-21 12:59:23', 1),
(604, 8, 567, '2021-11-21 12:59:32', 1),
(605, 8, 568, '2021-11-21 13:02:35', 0),
(606, 8, 568, '2021-11-21 13:05:45', 1),
(607, 8, 569, '2021-11-21 20:44:55', 1),
(608, 8, 574, '2021-11-21 20:46:17', 1),
(609, 8, 571, '2021-11-21 20:50:35', 1),
(610, 8, 572, '2021-11-21 20:52:41', 1),
(611, 8, 573, '2021-11-21 20:54:27', 1),
(612, 8, 577, '2021-11-23 00:39:09', 1),
(613, 8, 578, '2021-11-23 00:40:51', 1),
(614, 8, 579, '2021-11-23 00:46:34', 1),
(615, 15, 570, '2021-11-24 23:47:33', 1),
(616, 15, 575, '2021-11-24 23:52:30', 1),
(617, 15, 576, '2021-11-24 23:55:04', 1),
(618, 15, 580, '2021-11-24 23:58:09', 1),
(619, 15, 581, '2021-11-25 00:01:02', 1),
(620, 15, 582, '2021-11-25 00:05:46', 1),
(621, 15, 583, '2021-11-25 00:09:37', 1),
(622, 15, 584, '2021-11-25 00:11:07', 1),
(623, 15, 585, '2021-11-25 00:13:53', 1),
(624, 15, 586, '2021-11-25 00:19:45', 1),
(625, 15, 587, '2021-11-25 00:21:21', 1),
(626, 8, 591, '2021-11-27 14:35:16', 1),
(627, 8, 592, '2021-11-27 14:38:06', 1),
(628, 8, 593, '2021-11-27 14:41:40', 1),
(629, 8, 594, '2021-11-27 14:43:42', 1),
(630, 8, 596, '2021-11-27 14:45:49', 1),
(631, 8, 588, '2021-11-27 14:53:00', 0),
(632, 8, 590, '2021-11-27 14:54:51', 1),
(633, 8, 589, '2021-11-27 14:58:33', 0),
(634, 8, 600, '2021-11-27 18:47:48', 0),
(635, 8, 588, '2021-11-27 18:48:04', 1),
(636, 8, 598, '2021-11-27 18:51:04', 1),
(637, 8, 599, '2021-11-27 18:54:37', 1),
(638, 8, 600, '2021-11-27 18:55:41', 1),
(639, 8, 589, '2021-11-28 18:23:27', 1),
(640, 8, 597, '2021-11-28 18:27:04', 1),
(641, 8, 601, '2021-11-28 18:28:45', 1),
(642, 8, 602, '2021-11-28 18:31:08', 1),
(643, 8, 603, '2021-11-28 18:33:56', 1),
(644, 8, 604, '2021-11-28 18:36:17', 1),
(645, 15, 595, '2021-11-30 19:53:42', 1),
(646, 15, 605, '2021-11-30 19:54:39', 1),
(647, 15, 606, '2021-11-30 19:55:32', 1),
(648, 15, 607, '2021-11-30 19:56:25', 1),
(649, 15, 608, '2021-11-30 19:57:39', 1),
(650, 15, 609, '2021-11-30 19:58:38', 1),
(651, 15, 610, '2021-11-30 19:59:53', 1),
(652, 15, 611, '2021-11-30 20:00:54', 1),
(653, 15, 612, '2021-11-30 20:02:31', 1),
(654, 8, 613, '2021-12-02 14:44:20', 1),
(655, 8, 614, '2021-12-02 14:47:49', 1),
(656, 8, 615, '2021-12-02 14:52:27', 1),
(657, 8, 616, '2021-12-02 14:55:19', 1),
(658, 8, 617, '2021-12-02 14:56:20', 0),
(659, 8, 617, '2021-12-02 23:52:37', 1),
(660, 8, 618, '2021-12-02 23:54:07', 1),
(661, 8, 620, '2021-12-02 23:56:46', 1),
(662, 8, 619, '2021-12-02 23:58:51', 0),
(663, 8, 619, '2021-12-03 11:43:26', 1),
(664, 8, 621, '2021-12-03 11:44:36', 1),
(665, 15, 622, '2021-12-05 02:03:13', 1),
(666, 15, 623, '2021-12-05 02:06:30', 1),
(667, 15, 624, '2021-12-05 02:08:04', 1),
(668, 15, 625, '2021-12-05 02:09:33', 1),
(669, 15, 626, '2021-12-05 02:11:27', 1),
(670, 15, 627, '2021-12-05 02:13:06', 1),
(671, 15, 628, '2021-12-05 02:14:22', 1),
(672, 15, 629, '2021-12-05 02:15:38', 1),
(673, 15, 630, '2021-12-05 02:17:10', 1),
(674, 15, 631, '2021-12-05 02:18:46', 1),
(675, 15, 632, '2021-12-05 02:24:12', 1),
(676, 15, 633, '2021-12-05 02:25:53', 1),
(677, 15, 634, '2021-12-05 02:28:00', 1),
(678, 15, 635, '2021-12-05 02:29:22', 1),
(679, 15, 636, '2021-12-05 02:34:12', 1),
(680, 8, 637, '2021-12-08 16:43:04', 1),
(681, 8, 638, '2021-12-08 16:45:14', 1),
(682, 8, 639, '2021-12-08 16:48:24', 1),
(683, 8, 640, '2021-12-08 16:52:09', 0),
(684, 8, 641, '2021-12-08 16:54:51', 0),
(685, 8, 644, '2021-12-08 16:58:07', 0),
(686, 8, 646, '2021-12-08 17:00:30', 1),
(687, 8, 642, '2021-12-08 17:02:22', 1),
(688, 8, 643, '2021-12-08 17:03:46', 1),
(689, 8, 647, '2021-12-08 17:05:57', 1),
(690, 8, 650, '2021-12-08 17:10:18', 1),
(691, 8, 651, '2021-12-08 17:11:59', 1),
(692, 8, 645, '2021-12-08 17:13:18', 1),
(693, 8, 655, '2021-12-08 17:23:50', 0),
(694, 8, 656, '2021-12-08 17:24:43', 1),
(695, 8, 654, '2021-12-08 17:26:26', 1),
(696, 8, 648, '2021-12-08 17:30:17', 0),
(697, 8, 649, '2021-12-08 17:32:38', 1),
(698, 8, 652, '2021-12-08 17:33:49', 1),
(699, 8, 653, '2021-12-08 17:35:22', 1),
(700, 8, 648, '2021-12-09 10:10:59', 1),
(701, 8, 655, '2021-12-09 10:11:31', 1),
(702, 8, 657, '2021-12-09 10:14:55', 1),
(703, 8, 658, '2021-12-13 20:17:58', 0),
(704, 8, 659, '2021-12-13 20:20:36', 1),
(705, 8, 660, '2021-12-13 20:25:08', 1),
(706, 8, 663, '2021-12-13 20:27:18', 1),
(707, 8, 664, '2021-12-13 20:28:27', 1),
(708, 8, 665, '2021-12-13 20:30:20', 0),
(709, 8, 667, '2021-12-13 20:32:32', 1),
(710, 8, 668, '2021-12-13 20:34:48', 1),
(711, 8, 669, '2021-12-13 20:36:55', 1),
(712, 8, 670, '2021-12-13 20:38:48', 1),
(713, 8, 666, '2021-12-13 20:40:42', 1),
(714, 15, 661, '2021-12-14 02:40:11', 1),
(715, 15, 662, '2021-12-14 02:42:52', 0),
(716, 15, 665, '2021-12-14 02:44:27', 1),
(717, 8, 640, '2021-12-15 00:21:24', 1),
(718, 8, 641, '2021-12-15 00:21:49', 1),
(719, 8, 671, '2021-12-15 00:29:22', 1),
(720, 8, 672, '2021-12-15 00:31:06', 0),
(721, 8, 672, '2021-12-15 00:56:54', 1),
(722, 15, 662, '2021-12-15 23:27:40', 1),
(723, 15, 673, '2021-12-15 23:28:28', 1),
(724, 15, 674, '2021-12-15 23:34:24', 0),
(725, 15, 675, '2021-12-15 23:37:01', 1),
(726, 8, 674, '2021-12-17 01:38:58', 1),
(727, 8, 676, '2021-12-17 01:41:22', 1),
(728, 10, 677, '2021-12-18 14:46:42', 1),
(729, 8, 678, '2021-12-19 17:12:12', 1),
(730, 8, 679, '2021-12-19 17:14:09', 1),
(731, 8, 680, '2021-12-19 17:16:22', 1),
(732, 8, 682, '2021-12-19 17:18:43', 1),
(733, 8, 681, '2021-12-19 17:23:40', 0),
(734, 8, 683, '2021-12-20 11:48:31', 0),
(735, 8, 684, '2021-12-20 11:51:36', 0),
(736, 8, 685, '2021-12-20 11:55:16', 0),
(737, 8, 684, '2021-12-20 11:57:30', 1),
(738, 8, 683, '2021-12-20 11:57:39', 1),
(739, 8, 685, '2021-12-20 11:57:47', 1),
(740, 8, 686, '2021-12-20 12:01:37', 1),
(741, 8, 687, '2021-12-20 12:05:12', 1),
(742, 8, 688, '2021-12-20 12:10:35', 1),
(743, 8, 689, '2021-12-23 14:48:03', 1),
(744, 8, 694, '2021-12-23 14:49:14', 1),
(745, 8, 695, '2021-12-23 14:52:08', 1),
(746, 8, 697, '2021-12-23 14:55:11', 1),
(747, 8, 690, '2021-12-23 15:04:31', 1),
(748, 8, 698, '2021-12-23 15:06:14', 1),
(749, 8, 699, '2021-12-23 15:11:41', 1),
(750, 8, 701, '2021-12-23 15:13:14', 1),
(751, 8, 691, '2021-12-23 15:14:58', 1),
(752, 8, 691, '2021-12-23 15:16:25', 0),
(753, 8, 692, '2021-12-23 15:17:47', 0),
(754, 8, 696, '2021-12-23 15:20:08', 1),
(755, 8, 700, '2021-12-23 15:23:41', 0),
(756, 8, 691, '2021-12-26 12:08:20', 1),
(757, 8, 692, '2021-12-26 12:08:33', 1),
(758, 8, 700, '2021-12-26 12:08:59', 1),
(759, 8, 702, '2021-12-26 12:10:30', 1),
(760, 8, 703, '2021-12-26 12:15:39', 0),
(761, 8, 704, '2021-12-26 12:17:34', 1),
(762, 8, 704, '2021-12-26 12:18:01', 0),
(763, 8, 705, '2021-12-26 12:19:45', 0),
(764, 8, 707, '2021-12-26 12:22:03', 1),
(765, 8, 706, '2021-12-26 12:23:14', 1),
(766, 8, 719, '2021-12-27 22:31:48', 0),
(767, 8, 703, '2021-12-28 00:19:06', 1),
(768, 8, 704, '2021-12-28 00:19:20', 1),
(769, 8, 705, '2021-12-28 00:19:28', 1),
(770, 8, 708, '2021-12-28 00:23:06', 1),
(771, 8, 709, '2021-12-28 00:26:31', 1),
(772, 8, 710, '2021-12-28 00:27:42', 1),
(773, 8, 711, '2021-12-28 00:29:34', 1),
(774, 8, 712, '2021-12-28 00:33:06', 1),
(775, 8, 713, '2021-12-28 00:34:26', 1),
(776, 8, 715, '2021-12-28 00:35:33', 1),
(777, 8, 716, '2021-12-28 00:37:39', 0),
(778, 8, 717, '2021-12-28 00:39:41', 1),
(779, 8, 716, '2021-12-28 00:40:05', 1),
(780, 8, 722, '2021-12-28 00:44:17', 1),
(781, 8, 714, '2021-12-28 00:47:41', 0),
(782, 8, 718, '2021-12-28 00:49:40', 0),
(783, 8, 721, '2021-12-28 00:51:31', 0),
(784, 8, 719, '2021-12-28 00:51:54', 1),
(785, 8, 720, '2021-12-28 00:53:17', 1),
(786, 8, 723, '2021-12-28 00:55:54', 1),
(787, 1, 732, '2022-08-14 18:12:18', 1),
(788, 1, 732, '2022-08-14 18:25:24', 1),
(789, 1, 732, '2022-08-14 18:29:45', 1),
(790, 1, 732, '2022-08-14 18:32:47', 1),
(791, 1, 693, '2022-08-14 18:34:47', 0),
(792, 1, 737, '2022-08-14 18:35:53', 0),
(793, 1, 718, '2022-08-14 18:43:03', 0),
(794, 1, 725, '2022-08-14 18:43:15', 1),
(795, 1, 726, '2022-08-14 18:43:33', 1),
(796, 1, 726, '2022-08-16 14:59:49', 0),
(797, 1, 322, '2022-10-27 09:22:17', 0),
(798, 36, 714, '2023-01-12 11:05:46', 1),
(799, 1, 42, '2023-01-17 19:48:21', 1),
(800, 1, 748, '2023-01-17 19:49:36', 1),
(801, 1, 747, '2023-01-17 19:50:00', 1),
(802, 1, 746, '2023-01-17 19:50:52', 1),
(803, 35, 750, '2023-01-17 20:07:04', 1),
(804, 35, 749, '2023-01-17 20:07:55', 0),
(805, 35, 751, '2023-01-17 20:13:31', 1),
(806, 36, 752, '2023-01-17 21:59:22', 1),
(807, 36, 754, '2023-01-17 21:59:55', 0),
(808, 36, 755, '2023-01-17 22:05:16', 0),
(809, 35, 756, '2023-01-17 22:31:27', 1),
(810, 35, 757, '2023-01-17 22:31:32', 1);

-- --------------------------------------------------------

--
-- Struktura tabeli dla tabeli `incydenty`
--

CREATE TABLE `incydenty` (
  `id` int(11) NOT NULL,
  `kto` int(11) NOT NULL,
  `gdzie` int(11) NOT NULL,
  `kiedy` timestamp NOT NULL DEFAULT current_timestamp() ON UPDATE current_timestamp(),
  `wykroczenie` int(11) NOT NULL,
  `uszkodzenia` int(3) NOT NULL,
  `komentarz` text NOT NULL,
  `gra` int(2) NOT NULL
) ENGINE=InnoDB DEFAULT CHARSET=utf8mb4;

--
-- Zrzut danych tabeli `incydenty`
--

INSERT INTO `incydenty` (`id`, `kto`, `gdzie`, `kiedy`, `wykroczenie`, `uszkodzenia`, `komentarz`, `gra`) VALUES
(1, 1, 101, '2021-03-04 21:53:00', 3, 8, 'kurwaaaaa', 0),
(2, 1, 337, '2021-03-04 22:09:00', 2, 0, 'jghghj', 0),
(5, 1, 474, '2021-04-10 18:22:00', 4, 32, 'Testunio', 0),
(10, 1, 511, '2021-04-27 14:47:00', 6, 0, ':(', 1);

-- --------------------------------------------------------

--
-- Struktura tabeli dla tabeli `konta`
--

CREATE TABLE `konta` (
  `id` int(11) NOT NULL,
  `login` varchar(30) NOT NULL,
  `token` varchar(300) NOT NULL,
  `email` varchar(60) NOT NULL,
  `haslo` varchar(300) NOT NULL,
  `typkonta` int(11) NOT NULL,
  `kiedydolaczyl` timestamp NOT NULL DEFAULT current_timestamp(),
  `awatar` varchar(400) NOT NULL DEFAULT '/awatary/default.png',
  `reset` varchar(42) NOT NULL,
  `stawka` decimal(10,2) NOT NULL DEFAULT 0.10,
  `garaz` varchar(30) NOT NULL,
  `truck` varchar(30) NOT NULL,
  `discord` varchar(20) DEFAULT NULL,
  `steam` varchar(100) NOT NULL DEFAULT 'Nic',
  `truckbook` varchar(100) NOT NULL DEFAULT 'Nic',
  `truckersmp` varchar(100) NOT NULL DEFAULT 'Nic'
) ENGINE=InnoDB DEFAULT CHARSET=utf8mb4;

--
-- Zrzut danych tabeli `konta`
--

INSERT INTO `konta` (`id`, `login`, `token`, `email`, `haslo`, `typkonta`, `kiedydolaczyl`, `awatar`, `reset`, `stawka`, `garaz`, `truck`, `discord`, `steam`, `truckbook`, `truckersmp`) VALUES
(1, 'Rafal', 'a40248d245a960fde98e98b074e3aaffc21acf22', 'orzelxpompa@gmail.com', '242113dc3c61cf1b4dbc443d3737783df61226cf', 1, '2021-03-28 01:27:00', 'awatary/Rafal-1673724616190.jpg', '8d3f1f0e168c3406793d0ed06acfae4e34f6ae64', '0.30', 'Łomża', 'Scania R', '458609502535811072', 'https://www.youtube.com/watch?v=dQw4w9WgXcQ', 'https://www.youtube.com/watch?v=dQw4w9WgXcQ', 'https://www.youtube.com/watch?v=dQw4w9WgXcQ'),
(8, 'Zastepca', '936dd3680555e764740a40f67832127ab259472b', 'zastepca@email.com', 'c93fb9dd6281a04394fea9bbe4901f7715faa59b', 2, '2020-12-06 14:03:00', 'awatary/default.png', 'af09cd813d94996c7652d2bf2513bef0be9a9f3d', '0.15', 'Poznań', 'DAF GX+', '393475972189519892', 'https://steamcommunity.com/id/Awisid/', 'https://trucksbook.eu/profile/144995', 'https://truckersmp.com/user/1618528'),
(10, 'Dyspozytor1', '', 'dysp@email.com', '01021675c724e142cfe0492325c57c5ecae74a6c', 3, '2020-12-06 13:26:00', 'awatary/default.png', '', '0.15', 'Kraków', 'Volvo FH16', '233185623018569728', 'https://steamcommunity.com/id/TheRozU', 'https://trucksbook.eu/profile/247140', 'https://truckersmp.com/user/343866'),
(15, 'Dyspozytor2', '', 'fake8@email.com', '', 3, '2021-02-12 21:48:00', 'awatary/default.png', '0', '0.15', 'Berlin', 'Mercedes New Actros', '287991449201410048', 'https://steamcommunity.com/id/Szacunel', 'https://trucksbook.eu/profile/12002', 'https://truckersmp.com/user/49984'),
(18, 'Kierowca7', '', 'fake7@email.com', '', 5, '2020-12-13 00:33:00', 'awatary/default.png', '0', '0.17', 'Poznań', 'Scania R', '496008382214307850', 'https://steamcommunity.com/profiles/76561198234097720', 'https://trucksbook.eu/profile/280888', 'https://truckersmp.com/user/2463983'),
(23, 'Kierowca6', '', 'fake6@email.com', '', 6, '2021-06-23 11:59:00', 'awatary/default.png', '0', '0.12', 'Olsztyn', 'Mercedes New Actros', '856979503586607125', 'https://steamcommunity.com/id/Alluu_/', 'https://trucksbook.eu/profile/251357', 'https://truckersmp.com/user/3682375'),
(30, 'Kierowca5', '', 'fake5@email.com', '', 8, '2021-10-11 14:03:00', 'awatary/default.png', '0', '0.10', 'Koszalin', 'Mercedes New Actros', '399599098560249856', 'https://steamcommunity.com/profiles/76561198293671686', 'https://trucksbook.eu/profile/230555', 'https://truckersmp.com/user/1999206'),
(31, 'Kierowca4', '', 'fake4@email.com', '', 4, '2021-10-16 11:48:00', 'awatary/default.png', '0', '0.24', 'Londyn ', 'Volvo FH16', '621316341193900042', 'https://steamcommunity.com/profiles/76561199057581159', 'https://trucksbook.eu/profile/269104', 'https://truckersmp.com/user/3813832'),
(32, 'Kierowca3', '', 'fake3@email.com', '', 13, '2021-11-03 19:44:00', 'awatary/default.png', '', '0.10', 'Warszawa', 'Sacnia R', '186910453576761344', 'Nic', 'Nic', 'Nic'),
(33, 'Kierowca2', '581888b418fdc6343586c813297d362b4032baa3', 'fake2@email.com', '61d100cdd68576398316b096ca42dcb9843280e7', 9, '2021-11-20 10:19:00', 'awatary/default.png', '', '0.10', 'Katowice', 'Sacnia S', '392932666602684416', 'Nic', 'Nic', 'Nic'),
(34, 'Kierowca1', '', 'fake1@email.com', '', 11, '2021-12-27 13:13:00', 'awatary/default.png', '0', '0.10', 'Kraków', 'Volvo FH16', '243123121387864065', 'Nic', 'Nic', 'Nic'),
(35, 'Pawel', '3968bbaee4130f2c920f49ffc3347bea3483439e', 'pawel1807@onet.pl', 'adb6d617ef5cc7bd43dbc22a79e22a5d3f86b79c', 1, '2022-11-10 07:27:55', 'awatary/Pawel-1673988186295.jpg', '', '0.10', 'Białystok', 'Scania S', NULL, 'Nic', 'Nic', 'Nic'),
(36, 'Artur', '2998cfb70b1b7258b66d227df159801a481701c2', 'artur517518@gmail.com', '50f79a59d8bb1d9630349935dc1a2f36df97e8e2', 1, '2022-11-10 07:27:55', 'awatary/Artur-1673984565128.jpg', '', '0.30', 'Drozdowo', 'JELCZ', NULL, 'Frogi221', 'ArturTransBook', 'ArturTrans');

-- --------------------------------------------------------

--
-- Struktura tabeli dla tabeli `kupionewiniety`
--

CREATE TABLE `kupionewiniety` (
  `id` int(11) NOT NULL,
  `kto` int(11) NOT NULL,
  `kraj` int(11) NOT NULL,
  `dokiedy` date NOT NULL,
  `zaile` double(10,2) NOT NULL
) ENGINE=InnoDB DEFAULT CHARSET=utf8mb4;

--
-- Zrzut danych tabeli `kupionewiniety`
--

INSERT INTO `kupionewiniety` (`id`, `kto`, `kraj`, `dokiedy`, `zaile`) VALUES
(1, 1, 1, '2023-10-18', 20029.50),
(2, 1, 5, '2021-08-30', 0.00),
(3, 1, 32, '2021-09-30', 9.50),
(4, 1, 2, '2021-09-30', 9.50),
(5, 1, 3, '2021-10-25', 10.00),
(6, 1, 4, '2021-08-30', 0.00),
(7, 1, 6, '2021-08-30', 0.00),
(8, 1, 7, '2021-08-30', 0.00),
(9, 1, 8, '2021-08-30', 0.00),
(10, 1, 9, '2021-08-30', 0.00),
(11, 1, 10, '2021-08-30', 0.00),
(12, 1, 11, '2021-08-30', 0.00),
(13, 1, 12, '2021-08-30', 0.00),
(14, 1, 13, '2021-08-30', 0.00),
(15, 1, 14, '2021-08-30', 0.00),
(16, 1, 15, '2021-08-30', 0.00),
(20, 8, 10, '2021-08-30', 0.00),
(21, 8, 19, '2021-08-30', 0.00),
(22, 8, 16, '2021-08-30', 0.00),
(23, 8, 21, '2021-08-30', 0.00),
(24, 8, 17, '2021-08-30', 0.00),
(25, 8, 41, '2021-08-31', 0.00),
(26, 10, 28, '2021-08-31', 0.00),
(27, 15, 17, '2021-08-31', 0.00),
(28, 1, 33, '2021-09-01', 9.50),
(29, 1, 39, '2021-09-01', 9.50),
(30, 1, 43, '2021-09-01', 9.50),
(31, 1, 44, '2021-09-01', 9.50),
(32, 1, 45, '2021-09-01', 9.50),
(33, 1, 46, '2021-10-25', 19.50),
(34, 1, 19, '2021-09-01', 10.00);

-- --------------------------------------------------------

--
-- Struktura tabeli dla tabeli `miejscowosci`
--

CREATE TABLE `miejscowosci` (
  `id` int(11) NOT NULL,
  `kraj` varchar(40) NOT NULL,
  `miasto` varchar(40) NOT NULL,
  `gra` int(1) NOT NULL
) ENGINE=InnoDB DEFAULT CHARSET=utf8mb4;

--
-- Zrzut danych tabeli `miejscowosci`
--

INSERT INTO `miejscowosci` (`id`, `kraj`, `miasto`, `gra`) VALUES
(1, 'Niemcy', 'Berlin', 0),
(2, 'Niemcy', 'Brema', 0),
(3, 'Niemcy', 'Dortmund', 0),
(4, 'Niemcy', 'Drezno', 0),
(5, 'Niemcy', 'Duisburg', 0),
(6, 'Niemcy', 'Düsseldorf', 0),
(7, 'Niemcy', 'Erfurt', 0),
(8, 'Niemcy', 'Frankfurt nad Menem', 0),
(9, 'Niemcy', 'Hamburg', 0),
(10, 'Niemcy', 'Hannover', 0),
(11, 'Niemcy', 'Kassel', 0),
(12, 'Niemcy', 'Kilonia', 0),
(13, 'Niemcy', 'Kolonia', 0),
(14, 'Niemcy', 'Lipsk', 0),
(15, 'Niemcy', 'Magdeburg', 0),
(16, 'Niemcy', 'Mannheim', 0),
(17, 'Niemcy', 'Monachium', 0),
(18, 'Niemcy', 'Norymberga', 0),
(19, 'Niemcy', 'Osnabrück', 0),
(20, 'Niemcy', 'Rostock', 0),
(21, 'Niemcy', 'Stuttgart', 0),
(22, 'Austria', 'Graz', 0),
(23, 'Austria', 'Innsbruck', 0),
(24, 'Austria', 'Klagenfurt am Wörthersee', 0),
(25, 'Austria', 'Linz', 0),
(26, 'Austria', 'Salzburg', 0),
(27, 'Austria', 'Wiedeń', 0),
(28, 'Belgia', 'Bruksela', 0),
(29, 'Belgia', 'Liège', 0),
(30, 'Francja', 'Bordeaux', 0),
(31, 'Francja', 'Bourges', 0),
(32, 'Francja', 'Brest', 0),
(33, 'Francja', 'Calais', 0),
(34, 'Francja', 'Civaux', 0),
(35, 'Francja', 'Clermont-Ferrand', 0),
(36, 'Francja', 'Dijon', 0),
(37, 'Francja', 'Golfech', 0),
(38, 'Francja', 'La Rochelle', 0),
(39, 'Francja', 'Le Havre', 0),
(40, 'Francja', 'Le Mans', 0),
(41, 'Francja', 'Lille', 0),
(42, 'Francja', 'Limoges', 0),
(43, 'Francja', 'Lyon', 0),
(44, 'Francja', 'Marsylia', 0),
(45, 'Francja', 'Metz', 0),
(46, 'Francja', 'Montpellier', 0),
(47, 'Francja', 'Nantes', 0),
(48, 'Francja', 'Nicea', 0),
(49, 'Francja', 'Paluel', 0),
(50, 'Francja', 'Paryż', 0),
(51, 'Francja', 'Reims', 0),
(52, 'Francja', 'Rennes', 0),
(53, 'Francja', 'Roscoff', 0),
(54, 'Francja', 'Saint-Alban-du-Rhône', 0),
(55, 'Francja', 'Saint-Laurent', 0),
(56, 'Francja', 'Strasbourg', 0),
(57, 'Francja', 'Tuluza', 0),
(58, 'Dania', 'Aalborg', 0),
(59, 'Dania', 'Esbjerg', 0),
(60, 'Dania', 'Frederikshavn', 0),
(61, 'Dania', 'Gedser', 0),
(62, 'Dania', 'Hirtshals', 0),
(63, 'Dania', 'Kopenhaga', 0),
(64, 'Dania', 'Odense', 0),
(65, 'Węgry', 'Budapeszt', 0),
(66, 'Węgry', 'Debreczyn', 0),
(67, 'Węgry', 'Pecz', 0),
(68, 'Węgry', 'Segedyn', 0),
(69, 'Włochy', 'Ancona', 0),
(70, 'Włochy', 'Bari', 0),
(71, 'Włochy', 'Bologna', 0),
(72, 'Włochy', 'Cassino', 0),
(73, 'Włochy', 'Katania', 0),
(74, 'Włochy', 'Catanzaro', 0),
(75, 'Włochy', 'Florencja', 0),
(76, 'Włochy', 'Genua', 0),
(77, 'Włochy', 'Livorno', 0),
(78, 'Włochy', 'Mesyna', 0),
(79, 'Włochy', 'Mediolan', 0),
(80, 'Włochy', 'Neapol', 0),
(81, 'Włochy', 'Palermo', 0),
(82, 'Włochy', 'Parma', 0),
(83, 'Włochy', 'Pescara', 0),
(84, 'Włochy', 'Rzym', 0),
(85, 'Włochy', 'Suzzara', 0),
(86, 'Włochy', 'Tarent', 0),
(87, 'Włochy', 'Terni', 0),
(88, 'Włochy', 'Turyn', 0),
(89, 'Włochy', 'Wenecja', 0),
(90, 'Włochy', 'Werona', 0),
(91, 'Włochy', 'Villa San Giovanni', 0),
(92, 'Luksemburg', 'Luksemburg', 0),
(93, 'Norwegia', 'Bergen', 0),
(94, 'Norwegia', 'Kristiansand', 0),
(95, 'Norwegia', 'Oslo', 0),
(96, 'Norwegia', 'Stavanger', 0),
(97, 'Holandia', 'Amsterdam', 0),
(98, 'Holandia', 'Groningen', 0),
(99, 'Holandia', 'IJmuiden', 0),
(100, 'Holandia', 'Rotterdam', 0),
(101, 'Polska', 'Białystok', 0),
(102, 'Polska', 'Gdańsk', 0),
(103, 'Polska', 'Gdynia', 0),
(104, 'Polska', 'Katowice', 0),
(105, 'Polska', 'Kraków', 0),
(106, 'Polska', 'Lublin', 0),
(107, 'Polska', 'Olsztyn', 0),
(108, 'Polska', 'Poznań', 0),
(109, 'Polska', 'Szczecin', 0),
(110, 'Polska', 'Warszawa', 0),
(111, 'Polska', 'Wrocław', 0),
(112, 'Polska', 'Łódź', 0),
(113, 'Czechy', 'Brno', 0),
(114, 'Czechy', 'Ostrawa', 0),
(115, 'Czechy', 'Praga', 0),
(116, 'Wielka Brytania', 'Aberdeen', 0),
(117, 'Wielka Brytania', 'Birmingham', 0),
(118, 'Wielka Brytania', 'Cambridge', 0),
(119, 'Wielka Brytania', 'Cardiff', 0),
(120, 'Wielka Brytania', 'Carlisle', 0),
(121, 'Wielka Brytania', 'Dover', 0),
(122, 'Wielka Brytania', 'Edinburgh', 0),
(123, 'Wielka Brytania', 'Felixstowe', 0),
(124, 'Wielka Brytania', 'Folkestone', 0),
(125, 'Wielka Brytania', 'Glasgow', 0),
(126, 'Wielka Brytania', 'Grimsby', 0),
(127, 'Wielka Brytania', 'Harwich', 0),
(128, 'Wielka Brytania', 'Hull', 0),
(129, 'Wielka Brytania', 'Liverpool', 0),
(130, 'Wielka Brytania', 'London', 0),
(131, 'Wielka Brytania', 'Manchester', 0),
(132, 'Wielka Brytania', 'Newcastle-upon-Tyne', 0),
(133, 'Wielka Brytania', 'Plymouth', 0),
(134, 'Wielka Brytania', 'Sheffield', 0),
(135, 'Wielka Brytania', 'Southampton', 0),
(136, 'Wielka Brytania', 'Swansea', 0),
(137, 'Słowacja', 'Bystrzyca', 0),
(138, 'Słowacja', 'Bratysława', 0),
(139, 'Słowacja', 'Koszyce', 0),
(140, 'Szwecja', 'Göteborg', 0),
(141, 'Szwecja', 'Helsingborg', 0),
(142, 'Szwecja', 'Jönköping', 0),
(143, 'Szwecja', 'Kalmar', 0),
(144, 'Szwecja', 'Karlskrona', 0),
(145, 'Szwecja', 'Linköping', 0),
(146, 'Szwecja', 'Malmö', 0),
(147, 'Szwecja', 'Nynäshamn', 0),
(148, 'Szwecja', 'Örebro', 0),
(149, 'Szwecja', 'Södertälje', 0),
(150, 'Szwecja', 'Stockholm', 0),
(151, 'Szwecja', 'Trelleborg', 0),
(152, 'Szwecja', 'Uppsala', 0),
(153, 'Szwecja', 'Västerås', 0),
(154, 'Szwecja', 'Växjö', 0),
(155, 'Szwajcaria', 'Bern', 0),
(156, 'Szwajcaria', 'Genève', 0),
(157, 'Szwajcaria', 'Zürich', 0),
(158, 'Estonia', 'Kunda', 0),
(159, 'Estonia', 'Narwa', 0),
(160, 'Estonia', 'Paldiski', 0),
(161, 'Estonia', 'Parnawa', 0),
(162, 'Estonia', 'Tallinn', 0),
(163, 'Estonia', 'Tartu', 0),
(164, 'Łotwa', 'Dyneburg', 0),
(165, 'Łotwa', 'Lipawa', 0),
(166, 'Łotwa', 'Rzeżyca', 0),
(167, 'Łotwa', 'Ryga', 0),
(168, 'Łotwa', 'Valmiera', 0),
(169, 'Łotwa', 'Windawa', 0),
(170, 'Litwa', 'Kaunas', 0),
(171, 'Litwa', 'Klajpeda', 0),
(172, 'Litwa', 'Możejki', 0),
(173, 'Litwa', 'Poniewież', 0),
(174, 'Litwa', 'Szawle', 0),
(175, 'Litwa', 'Uciana', 0),
(176, 'Litwa', 'Wilno', 0),
(177, 'Finlandia', 'Helsinki', 0),
(178, 'Finlandia', 'Kotka', 0),
(179, 'Finlandia', 'Kouvola', 0),
(180, 'Finlandia', 'Lahti', 0),
(181, 'Finlandia', 'Loviisa', 0),
(182, 'Finlandia', 'Naantali', 0),
(183, 'Finlandia', 'Olkiluoto', 0),
(184, 'Finlandia', 'Pori', 0),
(185, 'Finlandia', 'Tampere', 0),
(186, 'Finlandia', 'Turku', 0),
(187, 'Rosja', 'Kaliningrad', 0),
(188, 'Rosja', 'Ługa', 0),
(189, 'Rosja', 'Psków', 0),
(190, 'Rosja', 'Sankt Petersburg', 0),
(191, 'Rosja', 'Sosnowy Bór', 0),
(192, 'Rosja', 'Wyborg', 0),
(193, 'Belgia', 'Antwerpia', 0),
(194, 'Holandia', 'Zwolle', 0),
(195, 'Holandia', 'Arnhem', 0),
(196, 'Holandia', 'Eindhoven', 0),
(197, 'Holandia', 'Moerdijk', 0),
(198, 'Norwegia', 'Kirkenes', 0),
(199, 'Norwegia', 'Longyearbyen', 0),
(200, 'Norwegia', 'Hiorthhamn', 0),
(201, 'Norwegia', 'Moskushamn', 0),
(202, 'Norwegia', 'Dombas', 0),
(203, 'Norwegia', 'Hamar', 0),
(204, 'Norwegia', 'Honningsvag', 0),
(205, 'Norwegia', 'Lillehammer', 0),
(206, 'Norwegia', 'Oppdal', 0),
(207, 'Norwegia', 'Orkanger', 0),
(208, 'Norwegia', 'Otta', 0),
(209, 'Norwegia', 'Tana Bru', 0),
(210, 'Norwegia', 'Trondheim', 0),
(211, 'Norwegia', 'Drammen', 0),
(212, 'Norwegia', 'Grumantbyen', 0),
(213, 'Norwegia', 'Hammerfest', 0),
(214, 'Szwecja', 'Gavle', 0),
(215, 'Szwecja', 'Haparanda', 0),
(216, 'Szwecja', 'Karlstad', 0),
(217, 'Szwecja', 'Kristianstad', 0),
(218, 'Szwecja', 'Sundsvall', 0),
(219, 'Szwecja', 'Soderhamn', 0),
(220, 'Szwecja', 'Ornskoldsvik', 0),
(221, 'Szwecja', 'Umea', 0),
(222, 'Szwecja', 'Ostersund', 0),
(223, 'Szwecja', 'Are', 0),
(224, 'Szwecja', 'Kalix', 0),
(225, 'Szwecja', 'Skelleftea', 0),
(226, 'Szwecja', 'Ystad', 0),
(227, 'Szwecja', 'Ljugarn', 0),
(228, 'Szwecja', 'Visby', 0),
(229, 'Szwecja', 'Lulea', 0),
(230, 'Szwecja', 'Karesuando', 0),
(231, 'Finlandia', 'Hameenlinna', 0),
(232, 'Finlandia', 'Jyvaskyla', 0),
(233, 'Finlandia', 'Kuopio', 0),
(234, 'Finlandia', 'Mikkeli', 0),
(235, 'Finlandia', 'Porvoo', 0),
(236, 'Finlandia', 'Varkaus', 0),
(237, 'Finlandia', 'Joensuu', 0),
(238, 'Finlandia', 'Kärsämäki', 0),
(239, 'Finlandia', 'Kemi', 0),
(240, 'Finlandia', 'Napapiiri', 0),
(241, 'Finlandia', 'Oulu', 0),
(242, 'Finlandia', 'Rovaniemi', 0),
(243, 'Finlandia', 'Tornio', 0),
(244, 'Finlandia', 'Vantaa', 0),
(245, 'Finlandia', 'Viitasaari', 0),
(246, 'Finlandia', 'Alajärvi', 0),
(247, 'Finlandia', 'Kemijärvi', 0),
(248, 'Finlandia', 'Kristiinankaupunki', 0),
(249, 'Finlandia', 'Vaasa', 0),
(250, 'Finlandia', 'Ivalo', 0),
(251, 'Finlandia', 'Kokkola', 0),
(252, 'Finlandia', 'Sodankylä', 0),
(253, 'Finlandia', 'Utsjoki', 0),
(254, 'Finlandia', 'Kittilä', 0),
(255, 'Finlandia', 'Muonio', 0),
(256, 'Francja', 'Pau', 0),
(257, 'Francja', 'Bajonna', 0),
(258, 'Francja', 'Narbonne', 0),
(259, 'Francja', 'Perpignan', 0),
(260, 'Francja', 'Cherbourg', 0),
(261, 'Francja', 'Lacq', 0),
(262, 'Francja', 'Orleans', 0),
(263, 'Niemcy', 'Flensburg', 0),
(264, 'Niemcy', 'Burg auf Fehmarn', 0),
(265, 'Niemcy', 'Bad Oeynhausen', 0),
(266, 'Niemcy', 'Oberhausen', 0),
(267, 'Niemcy', 'Puttgarden', 0),
(268, 'Niemcy', 'Ulm', 0),
(269, 'Niemcy', 'Aurach', 0),
(270, 'Niemcy', 'Bremerhaven', 0),
(271, 'Niemcy', 'Fürth', 0),
(272, 'Niemcy', 'Halle', 0),
(273, 'Niemcy', 'Heilbronn', 0),
(274, 'Niemcy', 'Bonn', 0),
(275, 'Niemcy', 'Forst (Lausitz)', 0),
(276, 'Niemcy', 'Koblencja', 0),
(277, 'Niemcy', 'Mogunacja', 0),
(278, 'Niemcy', 'Sangerhausen', 0),
(279, 'Niemcy', 'Uelzen', 0),
(280, 'Niemcy', 'Wiesbaden', 0),
(281, 'Niemcy', 'Chemnitz', 0),
(282, 'Niemcy', 'Soltau', 0),
(283, 'Wielka Brytania', 'Croydon', 0),
(284, 'Wielka Brytania', 'Portsmouth', 0),
(285, 'Wielka Brytania', 'Fort William', 0),
(286, 'Wielka Brytania', 'Hull', 0),
(287, 'Wielka Brytania', 'Iverness', 0),
(288, 'Wielka Brytania', 'Oban', 0),
(289, 'Wielka Brytania', 'Wick', 0),
(290, 'Wielka Brytania', 'Thurso', 0),
(291, 'Wielka Brytania', 'Chelmsford', 0),
(292, 'Wielka Brytania', 'Birsay', 0),
(293, 'Wielka Brytania', 'Broadford', 0),
(294, 'Wielka Brytania', 'Evie', 0),
(295, 'Wielka Brytania', 'Heysham', 0),
(296, 'Wielka Brytania', 'Kirkwall', 0),
(297, 'Wielka Brytania', 'Portree', 0),
(298, 'Wielka Brytania', 'Stromness', 0),
(299, 'Wielka Brytania', 'Belfast', 0),
(300, 'Wielka Brytania', 'Cairnryan', 0),
(301, 'Wielka Brytania', 'Canterbury', 0),
(302, 'Wielka Brytania', 'Dumfries', 0),
(303, 'Wielka Brytania', 'Fishguard', 0),
(304, 'Wielka Brytania', 'Folkestone', 0),
(305, 'Wielka Brytania', 'Fraserburgh', 0),
(306, 'Wielka Brytania', 'Holyhead', 0),
(307, 'Wielka Brytania', 'Larne', 0),
(308, 'Wielka Brytania', 'Lisburn', 0),
(309, 'Wielka Brytania', '(London)derry', 0),
(310, 'Wielka Brytania', 'Perth', 0),
(311, 'Wielka Brytania', 'Stranraer', 0),
(312, 'Wielka Brytania', 'Ullapool', 0),
(313, 'Wielka Brytania', 'Aberystwyth', 0),
(314, 'Wielka Brytania', 'Porthmadog', 0),
(315, 'Wielka Brytania', 'Hawes', 0),
(316, 'Wielka Brytania', 'Stornoway', 0),
(317, 'Wielka Brytania', 'Tarbert', 0),
(318, 'Wielka Brytania', 'Exeter', 0),
(319, 'Wielka Brytania', 'Norwich', 0),
(320, 'Wielka Brytania', 'Balivanich', 0),
(321, 'Wielka Brytania', 'Lochboisdale', 0),
(322, 'Irlandia', 'Dublin', 0),
(323, 'Irlandia', 'Galway', 0),
(324, 'Irlandia', 'Limerick', 0),
(325, 'Irlandia', 'Sligo', 0),
(326, 'Irlandia', 'Wexford', 0),
(327, 'Dania', 'Padborg', 0),
(328, 'Dania', 'Rodbyhavn', 0),
(329, 'Dania', 'Aarhus', 0),
(330, 'Dania', 'Herning', 0),
(331, 'Dania', 'Holstebro', 0),
(332, 'Dania', 'Viborg', 0),
(333, 'Dania', 'Kolding', 0),
(334, 'Dania', 'Ronne', 0),
(335, 'Dania', 'Vestero Havn', 0),
(336, 'Wyspy Alandzkie', 'Maarianhamina', 0),
(337, 'Wyspy Alandzkie', 'Geta', 0),
(338, 'Wyspy Alandzkie', 'Godby', 0),
(339, 'Islandia', 'Akureyri', 0),
(340, 'Islandia', 'Blönduós', 0),
(341, 'Islandia', 'Borgarnes', 0),
(342, 'Islandia', 'Höfn', 0),
(343, 'Islandia', 'Keflavik Airport', 0),
(344, 'Islandia', 'Reyðarfjörður', 0),
(345, 'Islandia', 'Reykjavik', 0),
(346, 'Islandia', 'Seyðisfjörður', 0),
(347, 'Islandia', 'Vik', 0),
(348, 'Islandia', 'Akranes', 0),
(349, 'Islandia', 'Hólmavik', 0),
(350, 'Islandia', 'Krafla', 0),
(351, 'Islandia', 'Selfoss', 0),
(352, 'Islandia', 'Bolungarvik', 0),
(353, 'Islandia', 'Isarfjörður', 0),
(354, 'Islandia', 'Vestmannaeyjar', 0),
(355, 'Islandia', 'Þorlákshöfn', 0),
(356, 'Gruzja', 'Batumi', 0),
(357, 'Gruzja', 'Poti', 0),
(358, 'Szwajcaria', 'Basel', 0),
(359, 'Liechtenstein', 'Vaduz', 0),
(360, 'Austria', 'Grödig', 0),
(361, 'Austria', 'Reutte', 0),
(362, 'Austria', 'Hainburg a.d.Donau', 0),
(363, 'Austria', 'Obsteig', 0),
(364, 'Włochy', 'Trieste', 0),
(365, 'Wyspy Owcze', 'Klaksvik', 0),
(366, 'Wyspy Owcze', 'Tórshavn', 0),
(367, 'Andorra', 'Andorra la Vella', 0),
(368, 'Wyspa Man', 'Douglas', 0),
(369, 'Wyspa Man', 'Ramsey', 0),
(370, 'Jersey', 'Saint Helier', 0),
(371, 'Jersey', 'Trinity', 0),
(372, 'Grecja', 'Igumenitsa', 0),
(373, 'Grecja', 'Janina', 0),
(374, 'Grecja', 'Ptolemaida', 0),
(375, 'Grecja', 'Saloniki', 0),
(376, 'Grecja', 'Aleksandropolis', 0),
(377, 'Grecja', 'Kawala', 0),
(378, 'Grecja', 'Seres', 0),
(379, 'Rosja', 'Murmańsk', 0),
(380, 'Rosja', 'Nikiel', 0),
(381, 'Rosja', 'Czerniachowsk', 0),
(382, 'Rosja', 'Kandałaksza', 0),
(383, 'Rosja', 'Wierchnietułomskij', 0),
(384, 'Rosja', 'Gusiew', 0),
(385, 'Rosja', 'Zielenogradsk', 0),
(386, 'Polska', 'Bydgoszcz', 0),
(387, 'Polska', 'Cieszyn', 0),
(389, 'Polska', 'Gorzów Wielkopolski', 0),
(390, 'Polska', 'Grudziądz', 0),
(391, 'Polska', 'Kielce', 0),
(392, 'Polska', 'Koszalin', 0),
(393, 'Polska', 'Krosno', 0),
(394, 'Polska', 'Nowogard', 0),
(395, 'Polska', 'Opole', 0),
(396, 'Polska', 'Ostrołęka', 0),
(397, 'Polska', 'Piła', 0),
(398, 'Polska', 'Płock', 0),
(399, 'Polska', 'Przemyśl', 0),
(400, 'Polska', 'Radom', 0),
(401, 'Polska', 'Rzeszów', 0),
(402, 'Polska', 'Sanok', 0),
(403, 'Polska', 'Siedlce', 0),
(404, 'Polska', 'Suwałki', 0),
(405, 'Polska', 'Świnoujście', 0),
(406, 'Polska', 'Zamość', 0),
(407, 'Polska', 'Zgorzelec', 0),
(408, 'Polska', 'Augustów', 0),
(409, 'Polska', 'Elbląg', 0),
(410, 'Polska', 'Ostrów Mazowiecka', 0),
(411, 'Polska', 'Ełk', 0),
(412, 'Polska', 'Chełm', 0),
(413, 'Polska', 'Krasnystaw', 0),
(414, 'Polska', 'Piotrków Trybunalski', 0),
(415, 'Polska', 'Bielsko-Biała', 0),
(416, 'Chorwacja', 'Osijek', 0),
(417, 'Chorwacja', 'Rijeka', 0),
(418, 'Chorwacja', 'Slavonski Brod', 0),
(419, 'Chorwacja', 'Zagrzeb', 0),
(420, 'Chorwacja', 'Senj', 0),
(421, 'Chorwacja', 'Szybenik', 0),
(422, 'Chorwacja', 'Split', 0),
(423, 'Chorwacja', 'Zadar', 0),
(424, 'Chorwacja', 'Ploce', 0),
(425, 'Chorwacja', 'Virovitica', 0),
(426, 'Chorwacja', 'Dubrovnik', 0),
(427, 'Chorwacja', 'Pula', 0),
(428, 'Czechy', 'Ołomuniec', 0),
(429, 'Czechy', 'Igława', 0),
(430, 'Słowacja', 'Trnava', 0),
(431, 'Słowenia', 'Lublana', 0),
(432, 'Słowenia', 'Maribor', 0),
(433, 'Słowenia', 'Koper', 0),
(434, 'Węgry', 'Gyor', 0),
(435, 'Węgry', 'Vasarosnameny', 0),
(436, 'Węgry', 'Sumeg', 0),
(437, 'Węgry', 'Szombathely', 0),
(438, 'Hiszpania', 'Pampeluna', 0),
(439, 'Hiszpania', 'Mengibar', 0),
(440, 'Hiszpania', 'Barcelona', 0),
(441, 'Hiszpania', 'Bilbao', 0),
(442, 'Hiszpania', 'Vandellos', 0),
(443, 'Hiszpania', 'El Ejido', 0),
(444, 'Hiszpania', 'Leon', 0),
(445, 'Hiszpania', 'Lleida', 0),
(446, 'Hiszpania', 'Burgos', 0),
(447, 'Hiszpania', 'Port de Sagunt', 0),
(448, 'Hiszpania', 'Almaraz', 0),
(449, 'Hiszpania', 'Teruel', 0),
(450, 'Hiszpania', 'Walencja', 0),
(452, 'Hiszpania', 'Saragossa', 0),
(453, 'Hiszpania', 'Ciudad Real', 0),
(454, 'Estonia', 'Kuressaare', 0),
(455, 'Litwa', 'Wilkomierz', 0),
(456, 'Łotwa', 'Balvi', 0),
(457, 'Łotwa', 'Kolka', 0),
(458, 'Łotwa', 'Jekabpils', 0),
(459, 'Serbia', 'Nowy Sad', 0),
(460, 'Serbia', 'Subotica', 0),
(461, 'Serbia', 'Zrenjanin', 0),
(462, 'Serbia', 'Belgrad', 0),
(463, 'Serbia', 'Kragujevac', 0),
(464, 'Serbia', 'Nisz', 0),
(465, 'Serbia', 'Leskovac', 0),
(466, 'Serbia', 'Vranje', 0),
(467, 'Serbia', 'Pancevo', 0),
(468, 'Północna Macedonia', 'Bitola', 0),
(469, 'Północna Macedonia', 'Skopje', 0),
(470, 'Północna Macedonia', 'Ochryda', 0),
(471, 'Północna Macedonia', 'Prilep', 0),
(472, 'Północna Macedonia', 'Sztip', 0),
(473, 'Bośnia i Hercegowina', 'Banja Luka', 0),
(474, 'Bośnia i Hercegowina', 'Doboj', 0),
(475, 'Bośnia i Hercegowina', 'Mostar', 0),
(476, 'Cypr', 'Larnaca', 0),
(477, 'Cypr', 'Limassol', 0),
(478, 'Cypr', 'Nicosia', 0),
(479, 'Cypr', 'Paphos', 0),
(480, 'Czarnogóra', 'Bar', 0),
(481, 'Albania', 'Elbasan', 0),
(482, 'Mołdawia', 'Bielce', 0),
(483, 'Mołdawia', 'Kiszyniów', 0),
(484, 'Rumunia', 'Satu Mare', 0),
(485, 'Bułgaria', 'Montana', 0),
(486, 'Bułgaria', 'Widyń', 0),
(487, 'Bułgaria', 'Błagojewgrad', 0),
(488, 'Ukraina', 'Mukacheve', 0),
(489, 'Ukraina', 'Uzhhorod', 0),
(490, 'Ukraina', 'Kowel', 0),
(491, 'Ukraina', 'Łuck', 0),
(492, 'Ukraina', 'Lwów', 0),
(493, 'Ukraina', 'Nowowołyńsk', 0),
(494, 'Ukraina', 'Stryi', 0),
(495, 'Ukraina', 'Polyanytsya', 0),
(496, 'British Columbia', 'Abbotsford', 1),
(497, 'British Columbia', 'Coquitlam', 1),
(498, 'British Columbia', 'Hope', 1),
(499, 'British Columbia', 'Kamloops', 1),
(500, 'British Columbia', 'Kelowna', 1),
(501, 'British Columbia', 'Merritt', 1),
(502, 'British Columbia', 'Osoyoos', 1),
(503, 'British Columbia', 'Penticton', 1),
(504, 'British Columbia', 'Princeton', 1),
(505, 'British Columbia', 'Salmon Arm', 1),
(506, 'British Columbia', 'Surrey', 1),
(507, 'British Columbia', 'Vancouver', 1),
(508, 'British Columbia', 'Vernon', 1),
(509, 'Arizona', 'Camp Verde', 1),
(510, 'Arizona', 'Ehrenberg', 1),
(511, 'Arizona', 'Flagstaff', 1),
(512, 'Arizona', 'Grand Vanyon Village', 1),
(513, 'Arizona', 'Holbrook', 1),
(514, 'Arizona', 'Kayenta', 1),
(515, 'Arizona', 'Kingman', 1),
(516, 'Arizona', 'Nogales', 1),
(517, 'Arizona', 'Page', 1),
(518, 'Arizona', 'Phoenix', 1),
(519, 'Arizona', 'San Simon', 1),
(520, 'Arizona', 'Show Low', 1),
(521, 'Arizona', 'Sierra Vista', 1),
(522, 'Arizona', 'Tucson', 1),
(523, 'Arizona', 'Yuma', 1),
(524, 'Arizona', 'Clifton', 1),
(525, 'California', 'Bakersfield', 1),
(526, 'California', 'Barstow', 1),
(527, 'California', 'Carlsbad', 1),
(528, 'California', 'El Centro', 1),
(529, 'California', 'Eureka', 1),
(530, 'California', 'Fresno', 1),
(531, 'California', 'Hornbrook', 1),
(532, 'California', 'Huron', 1),
(533, 'California', 'Los Angeles', 1),
(534, 'California', 'Oakdale', 1),
(535, 'California', 'Oakland', 1),
(536, 'California', 'Oxnard', 1),
(537, 'California', 'Redding', 1),
(538, 'California', 'Sacramento', 1),
(539, 'California', 'San Diego', 1),
(540, 'California', 'San Francisco', 1),
(541, 'California', 'San Rafael', 1),
(542, 'California', 'Santa Cruz', 1),
(543, 'California', 'Stockton', 1),
(544, 'California', 'Truckee', 1),
(545, 'California', 'Ukiah', 1),
(546, 'California', 'Santa Maria', 1),
(547, 'Colorado', 'Alamosa', 1),
(548, 'Colorado', 'Burlington', 1),
(549, 'Colorado', 'Colorado Springs', 1),
(550, 'Colorado', 'Denver', 1),
(551, 'Colorado', 'Durango', 1),
(552, 'Colorado', 'Fort Collins', 1),
(553, 'Colorado', 'Grand Junction', 1),
(554, 'Colorado', 'Lamar', 1),
(555, 'Colorado', 'Montrose', 1),
(556, 'Colorado', 'Pueblo', 1),
(557, 'Colorado', 'Rangely', 1),
(558, 'Colorado', 'Steamboat Springs', 1),
(559, 'Colorado', 'Sterling', 1),
(560, 'Idaho', 'Boise', 1),
(561, 'Idaho', 'Coeur d\'Alene', 1),
(562, 'Idaho', 'Grangeville', 1),
(563, 'Idaho', 'Idaho Falls', 1),
(564, 'Idaho', 'Ketchum', 1),
(565, 'Idaho', 'Lewiston', 1),
(566, 'Idaho', 'Nampa', 1),
(567, 'Idaho', 'Pocatello', 1),
(568, 'Idaho', 'Salmon', 1),
(569, 'Idaho', 'Sandpoint', 1),
(570, 'Idaho', 'Twin Falls', 1),
(571, 'Nevada', 'Carson City', 1),
(572, 'Nevada', 'Elko', 1),
(573, 'Nevada', 'Ely', 1),
(574, 'Nevada', 'Jackpot', 1),
(575, 'Nevada', 'Las Vegas', 1),
(576, 'Nevada', 'Pioche', 1),
(577, 'Nevada', 'Primm', 1),
(578, 'Nevada', 'Reno', 1),
(579, 'Nevada', 'Tonopah', 1),
(580, 'Nevada', 'Winnemucca', 1),
(581, 'New Mexico', 'Alamogordo', 1),
(582, 'New Mexico', 'Albuquerque', 1),
(583, 'New Mexico', 'Artesia', 1),
(584, 'New Mexico', 'Carlsbad', 1),
(585, 'New Mexico', 'Clovis', 1),
(586, 'New Mexico', 'Farmington', 1),
(587, 'New Mexico', 'Gallup', 1),
(588, 'New Mexico', 'Hobbs', 1),
(589, 'New Mexico', 'Las Cruces', 1),
(590, 'New Mexico', 'Raton', 1),
(591, 'New Mexico', 'Roswell', 1),
(592, 'New Mexico', 'Santa Fe', 1),
(593, 'New Mexico', 'Socorro', 1),
(594, 'New Mexico', 'Tucumcari', 1),
(595, 'Oregon', 'Astoria', 1),
(596, 'Oregon', 'Bend', 1),
(597, 'Oregon', 'Burns', 1),
(598, 'Oregon', 'Coos Bay', 1),
(599, 'Oregon', 'Eugene', 1),
(600, 'Oregon', 'Klamath Falls', 1),
(601, 'Oregon', 'Lakeview', 1),
(602, 'Oregon', 'Medford', 1),
(603, 'Oregon', 'Newport', 1),
(604, 'Oregon', 'Ontario', 1),
(605, 'Oregon', 'Pendleton', 1),
(606, 'Oregon', 'Portland', 1),
(607, 'Oregon', 'Salem', 1),
(608, 'Oregon', 'The Dalles', 1),
(609, 'Utah', 'Cedar City', 1),
(610, 'Utah', 'Logan', 1),
(611, 'Utah', 'Moab', 1),
(612, 'Utah', 'Ogden', 1),
(613, 'Utah', 'Price', 1),
(614, 'Utah', 'Provo', 1),
(615, 'Utah', 'Salina', 1),
(616, 'Utah', 'Salt Lake City', 1),
(617, 'Utah', 'St. George', 1),
(618, 'Utah', 'Vernal', 1),
(619, 'Washington', 'Aberdeen', 1),
(620, 'Washington', 'Bellingham', 1),
(621, 'Washington', 'Colville', 1),
(622, 'Washington', 'Everett', 1),
(623, 'Washington', 'Grand Coulee', 1),
(624, 'Washington', 'Kennewick', 1),
(625, 'Washington', 'Longview', 1),
(626, 'Washington', 'Olympia', 1),
(627, 'Washington', 'Omak', 1),
(628, 'Washington', 'Port Angeles', 1),
(629, 'Washington', 'Seattle', 1),
(630, 'Washington', 'Spokane', 1),
(631, 'Washington', 'Tacoma', 1),
(632, 'Washington', 'Vancouver', 1),
(633, 'Washington', 'Wenatchee', 1),
(634, 'Washington', 'Yakima', 1),
(635, 'Niemcy', 'Anklam', 0),
(636, 'Słowacja', 'Zwoleń', 0),
(637, 'Islandia', 'Varmahlid', 0),
(638, 'Francja', 'Granville', 0),
(639, 'Francja', 'Mulhouse', 0),
(640, 'Irak', 'Al-Qa\'im', 0),
(641, 'Turcja', 'Mersin', 0),
(642, 'Jordan', 'Ma\'an', 0),
(643, 'Bułgaria', 'Wielkie Tyrnowo', 0),
(644, 'Bułgaria', 'Warna', 0),
(645, 'Bułgaria', 'Sofia', 0),
(646, 'Bułgaria', 'Ruse', 0),
(647, 'Bułgaria', 'Płowdiw', 0),
(648, 'Bułgaria', 'Plewen', 0),
(649, 'Bułgaria', 'Pirdop', 0),
(650, 'Bułgaria', 'Pernik', 0),
(651, 'Bułgaria', 'Kozłoduj', 0),
(652, 'Bułgaria', 'Karłowo', 0),
(653, 'Bułgaria', 'Burgas', 0),
(654, 'Rumunia', 'Bacau', 0),
(655, 'Rumunia', 'Brasov', 0),
(656, 'Rumunia', 'Bukareszt', 0),
(657, 'Rumunia', 'Calarsi', 0),
(658, 'Rumunia', 'Cernavoda', 0),
(659, 'Rumunia', 'Gałacz', 0),
(660, 'Rumunia', 'Hunedoara', 0),
(661, 'Rumunia', 'Jassy', 0),
(662, 'Rumunia', 'Kluż-Napoka', 0),
(663, 'Rumunia', 'Konstanca', 0),
(664, 'Rumunia', 'Krajowa', 0),
(665, 'Rumunia', 'Mangalia', 0),
(666, 'Rumunia', 'Pitesti', 0),
(667, 'Rumunia', 'Resita', 0),
(668, 'Rumunia', 'Targu Mures', 0),
(669, 'Rumunia', 'Timisoara', 0),
(670, 'Turcja', 'Edirne', 0),
(671, 'Turcja', 'Stambuł', 0),
(672, 'Turcja', 'Tekirdag', 0),
(673, 'Portugalia', 'Faro', 0),
(674, 'Portugalia', 'Evora', 0),
(675, 'Portugalia', 'Setubal', 0),
(676, 'Portugalia', 'Lizbona', 0),
(677, 'Portugalia', 'Coimbra', 0),
(678, 'Portugalia', 'Porto', 0),
(679, 'Hiszpania', 'A Coruna', 0),
(680, 'Hiszpania', 'Vigo', 0),
(681, 'Hiszpania', 'Gijon', 0),
(682, 'Hiszpania', 'Santander', 0),
(683, 'Hiszpania', 'Puertollano', 0),
(684, 'Hiszpania', 'Bailen', 0),
(685, 'Hiszpania', 'Valladolid', 0),
(686, 'Hiszpania', 'Salamanka', 0),
(687, 'Hiszpania', 'Madryt', 0),
(688, 'Hiszpania', 'Huelva', 0),
(689, 'Hiszpania', 'O Barco', 0),
(690, 'Hiszpania', 'Albacete', 0),
(691, 'Hiszpania', 'Murcja', 0),
(692, 'Hiszpania', 'Navia', 0),
(693, 'Hiszpania', 'Almeria', 0),
(694, 'Hiszpania', 'Villarreal', 0),
(695, 'Hiszpania', 'Malaga', 0),
(696, 'Hiszpania', 'Grenada', 0),
(697, 'Hiszpania', 'Kordoba', 0),
(698, 'Hiszpania', 'Algeciras', 0),
(699, 'Hiszpania', 'Tarragona', 0),
(700, 'Hiszpania', 'Sewilla', 0),
(701, 'Hiszpania', 'Badajoz', 0),
(702, 'Włochy', 'Olbia', 0),
(703, 'Włochy', 'Sassari', 0),
(704, 'Włochy', 'Cagliari', 0),
(705, 'Portugalia', 'Sines', 0),
(706, 'Portugalia', 'Olhao', 0),
(707, 'Portugalia', 'Ponte de Sor', 0),
(708, 'Portugalia', 'Guarda', 0),
(709, 'Portugalia', 'Corticadas de Lavre', 0),
(710, 'Francja', 'Bonifacio', 0),
(711, 'Francja', 'Porto-Vecchio', 0),
(712, 'Francja', 'Ajaccio', 0),
(713, 'Francja', 'Calvi', 0),
(714, 'Francja', 'Bastia', 0),
(715, 'Francja', 'L\'Île-Rousse', 0),
(716, 'Austria', 'Flachau', 0),
(717, 'Polska', 'Świnoujście', 0),
(718, 'Polska', 'Międzyzdroje', 0),
(719, 'Polska', 'Dzwinów', 0),
(720, 'Polska', 'Nowograd', 0),
(721, 'Polska', 'Koszalin', 0),
(722, 'Polska', 'Wałcz', 0),
(723, 'Polska', 'Łeba', 0),
(724, 'Polska', 'Lębork', 0),
(725, 'Polska', 'Elbląg', 0),
(726, 'Polska', 'Ostróda', 0),
(727, 'Polska', 'Ełk', 0),
(728, 'Polska', 'Augustów', 0),
(729, 'Polska', 'Ostrołęka', 0),
(730, 'Polska', 'Ostrów Mazowiecki', 0),
(731, 'Polska', 'Siedlce', 0),
(732, 'Polska', 'Mława', 0),
(733, 'Polska', 'Płock', 0),
(734, 'Polska', 'Grudziądz', 0),
(735, 'Polska', 'Piła', 0),
(736, 'Polska', 'Gorzów Wielkopolski', 0),
(737, 'Polska', 'Zgorzelec', 0),
(738, 'Polska', 'Legnica', 0),
(739, 'Polska', 'Opole', 0),
(740, 'Polska', 'Kłodzko', 0),
(741, 'Polska', 'Bielsko-Biała', 0),
(742, 'Polska', 'Chełm', 0),
(743, 'Polska', 'Zamość', 0),
(744, 'Polska', 'Radom', 0),
(745, 'Polska', 'Kielce', 0),
(746, 'Polska', 'Rzeszów', 0),
(747, 'Polska', 'Przemyśl', 0),
(748, 'Polska', 'Sanok', 0),
(749, 'Polska', 'Krosno', 0),
(750, 'Wyoming', 'Sheridan', 1),
(751, 'Wyoming', 'Gillette', 1),
(752, 'Wyoming', 'Jackson', 1),
(753, 'Wyoming', 'Riverton', 1),
(754, 'Wyoming', 'Casper', 1),
(755, 'Wyoming', 'Evanstion', 1),
(756, 'Wyoming', 'Rock Springs', 1),
(757, 'Wyoming', 'Rawlins', 1),
(758, 'Wyoming', 'Laramie', 1),
(759, 'Wyoming', 'Cheyenne', 1),
(760, 'Rosja', 'Krasnosłobodsk', 0),
(761, 'Rosja', 'Wołżski', 0),
(762, 'Rosja', 'Wołgograd', 0),
(763, 'Rosja', 'Engels', 0),
(764, 'Rosja', 'Saratów', 0),
(765, 'Rosja', 'Borisoglebsk', 0),
(766, 'Rosja', 'Worneż', 0),
(767, 'Rosja', 'Kursk', 0),
(768, 'Rosja', 'Tambow', 0),
(769, 'Rosja', 'Orzeł', 0),
(770, 'Rosja', 'Tuła', 0),
(771, 'Rosja', 'Kołomna', 0),
(772, 'Rosja', 'Moskwa', 0),
(773, 'Rosja', 'Obninsk', 0),
(774, 'Rosja', 'Kaługa', 0),
(775, 'Rosja', 'Briańsk', 0),
(776, 'Rosja', 'Rosław', 0),
(777, 'Rosja', 'Juchnow', 0),
(778, 'Rosja', 'Wiaźma', 0),
(779, 'Rosja', 'Wołokołamsk', 0),
(780, 'Rosja', 'Klin', 0),
(781, 'Rosja', 'Rźew', 0),
(782, 'Rosja', 'Smoleńsk', 0),
(783, 'Rosja', 'Wieliż', 0),
(784, 'Rosja', 'Twer', 0),
(785, 'Rosja', 'Ostaszków', 0),
(786, 'Rosja', 'Wysznij Wołoczok', 0),
(787, 'Rosja', 'Wielkie Łuki', 0),
(788, 'Rosja', 'Newel', 0),
(789, 'Rosja', 'Chołm', 0),
(790, 'Rosja', 'Porchow', 0),
(791, 'Rosja', 'Wałdaj', 0),
(792, 'Rosja', 'Nowogród Wielki', 0),
(793, 'Rosja', 'Tosno', 0),
(794, 'Rosja', 'Kołpino', 0),
(795, 'Rosja', 'Razmetelevo', 0),
(796, 'Rosja', 'Szlisselburg', 0),
(797, 'Rosja', 'Prioziersk', 0),
(798, 'Rosja', 'Łodiejnojepola', 0),
(799, 'Rosja', 'Sortawała', 0),
(800, 'Rosja', 'Pietrozawodsk', 0),
(801, 'Rosja', 'Suojarwi', 0),
(802, 'Rosja', 'Miedwieżjegorsk', 0),
(803, 'Rosja', 'Siegieża', 0),
(804, 'Rosja', 'Kiem', 0),
(805, 'Rosja', 'Zielenoborskij', 0),
(806, 'Białoruś', 'Witebsk', 0),
(807, 'Białoruś', 'Połack', 0),
(808, 'Białoruś', 'Głębokie', 0),
(809, 'Białoruś', 'Orsza', 0),
(810, 'Białoruś', 'Mścisław', 0),
(811, 'Białoruś', 'Mohylew', 0),
(812, 'Białoruś', 'Homel', 0),
(813, 'Białoruś', 'Mozyrz', 0),
(814, 'Białoruś', 'Pińsk', 0),
(815, 'Białoruś', 'Brest', 0),
(816, 'Białoruś', 'Słuck', 0),
(817, 'Białoruś', 'Baranowicze', 0),
(818, 'Białoruś', 'Słonim', 0),
(819, 'Białoruś', 'Wołkowysk', 0),
(820, 'Białoruś', 'Grodno', 0),
(821, 'Białoruś', 'Lida', 0),
(822, 'Białoruś', 'Mińsk', 0),
(823, 'Portugalia', 'Ponte de sor', 0),
(824, 'Polska', 'Busko-Zdrój', 0);

-- --------------------------------------------------------

--
-- Struktura tabeli dla tabeli `notatkiprofilowe`
--

CREATE TABLE `notatkiprofilowe` (
  `id` int(11) NOT NULL,
  `kto` int(11) NOT NULL,
  `komu` int(11) NOT NULL,
  `data` date NOT NULL,
  `tekst` text NOT NULL
) ENGINE=InnoDB DEFAULT CHARSET=utf8mb4;

--
-- Zrzut danych tabeli `notatkiprofilowe`
--

INSERT INTO `notatkiprofilowe` (`id`, `kto`, `komu`, `data`, `tekst`) VALUES
(8, 8, 23, '2021-09-21', 'Kolejne szkolenie na Firankę/Izoterme/Furgon oraz Prawo Jazdy w 03.2022'),
(10, 8, 10, '2021-09-29', 'Kolejne szkolenie na Firankę/Izoterme/Furgon oraz Prawo Jazdy w 03.2022'),
(11, 8, 15, '2021-09-29', 'Kolejne szkolenie na Firankę/Izoterme/Furgon oraz Prawo Jazdy w 03.2022'),
(12, 10, 8, '2021-10-04', 'Kolejne szkolenie na Podkontenerówkę do 04.2022'),
(13, 8, 18, '2021-10-05', 'Kolejne szkolenie na Firankę/Izoterme/Furgon oraz Prawo Jazdy w 03.2022'),
(14, 15, 8, '2021-10-11', 'Kolejne szkolenie na ADR  12.2021'),
(15, 8, 30, '2021-10-28', 'Kolejne szkolenie na Firankę/Izoterme/Furgon oraz Prawo Jazdy w 04.2022'),
(16, 8, 31, '2021-11-21', 'Kolejne szkolenie na Firankę/Izoterme/Furgon oraz Prawo Jazdy w 06.2022'),
(17, 8, 33, '2021-12-03', 'Kolejne szkolenie na Firankę/Izoterme/Furgon, Podkontenerówkę, ADR  oraz Prawo Jazdy w 06.2022'),
(18, 8, 32, '2021-12-05', 'Kolejne szkolenie na Firankę/Izoterme/Furgon oraz Prawo Jazdy w 05.2022'),
(22, 1, 8, '2022-07-24', 'Testowa'),
(24, 1, 1, '2022-07-24', 'ASDDASDASDASSDA'),
(27, 36, 36, '2022-11-10', 'NIE MOGE\n'),
(28, 36, 36, '2022-11-10', ':((((((((('),
(29, 1, 33, '2022-12-08', 'Przykładowa notka');

-- --------------------------------------------------------

--
-- Struktura tabeli dla tabeli `podwyzka`
--

CREATE TABLE `podwyzka` (
  `id` int(11) NOT NULL,
  `ktozlozyl` int(11) NOT NULL,
  `ktorozpatrzyl` int(11) NOT NULL DEFAULT 0,
  `kiedy` date NOT NULL DEFAULT current_timestamp(),
  `aktstanowisko` int(11) NOT NULL,
  `nowestanowisko` int(11) NOT NULL,
  `aktstawka` double(10,2) NOT NULL,
  `nowastawka` double(10,2) NOT NULL,
  `powod` text NOT NULL,
  `wniosek` int(11) DEFAULT NULL,
  `wniosektxt` text DEFAULT NULL
) ENGINE=InnoDB DEFAULT CHARSET=utf8mb4;

--
-- Zrzut danych tabeli `podwyzka`
--

INSERT INTO `podwyzka` (`id`, `ktozlozyl`, `ktorozpatrzyl`, `kiedy`, `aktstanowisko`, `nowestanowisko`, `aktstawka`, `nowastawka`, `powod`, `wniosek`, `wniosektxt`) VALUES
(1, 1, 1, '2021-06-28', 1, 2, 0.30, 0.69, 'das dasd asd sad asd asd as dasd sasda', 1, 'Test powodu decyzji'),
(2, 1, 1, '2021-06-29', 1, 2, 0.30, 0.29, 'sdad sadsa dsa dasdas da dasd adsa', 0, 'dsadsa dsadsa sda'),
(7, 23, 8, '2021-09-21', 13, 12, 0.10, 0.13, 'jestem juz w firmie od 23.6 czyli juz prawie 3 miechy a Żółtodzióba sie ma dwa no i duzo jezdze xd', 1, 'Pozytywnie rozpatrzone'),
(8, 15, 8, '2021-09-21', 2, 2, 0.10, 0.15, 'Dzień Dobry jako że jestem juz w firmie 7 miesięcy i mam dosyć duża akrywnosć w firmie gdzie wyrabiam miesięczne limity oraz jezdze konwoje firmowe jak i międzyfirmowe  wiec wnioskuje o podzywzke z góry dziękuję i pozdrawiam.', 1, 'Pozytywnie rozpatrzone'),
(9, 8, 8, '2021-09-22', 1, 1, 0.10, 0.15, 'Jako szef nie muszę mówić że muszę zarabiać najwięcej XD. Ogólnie wydaje mi się że zasługuję na maksa pieniędzy na stanowisku Stażysta gdyż moja frekwencja jest 100% na konwojach oraz angaż w firmę jest bardzo wysoki. Trasy i ładunki czasem mają jakieś błędy czy uszkodzenia ale nie myli się ten co nie robi nic. Czekam z niecierpliwością na odpowiedź. Pozdrawiam ', 1, 'Pozytywnie rozpatrzone'),
(10, 10, 10, '2021-09-29', 2, 12, 0.10, 1.00, 'składam bo musze :D', 0, '123'),
(11, 10, 8, '2021-09-29', 2, 2, 0.10, 1.00, 'składam bo musze ^^', 0, 'Kurwa za dużo \r\n'),
(12, 10, 10, '2021-09-29', 2, 2, 0.10, 15.00, 'Wypełniam pole', 0, '123'),
(13, 10, 8, '2021-09-29', 2, 2, 0.10, 0.15, 'wypełniam pole ', 1, 'Pozytywnie rozpatrzone'),
(14, 18, 8, '2021-09-30', 13, 12, 0.10, 0.15, 'No szefie juz tak długo pracuje u ciebie i rzetelnie wykonuje swoją pracę. Żadnych skarg nie bylo na mnie a wiec chyba czas juz cos pomyslec o mojej stawce i małej podwyżce.\r\nO to moja propozycja i licze na pozytywne rozpatrzenie.\r\nPozdrawiam ', 1, 'Pozytywnie rozpatrzone'),
(15, 31, 1, '2021-12-27', 13, 12, 0.10, 0.14, 'test powod', 1, 'Nie podano powodu odrzucenia.'),
(16, 1, 0, '2023-01-17', 1, 1, 0.30, 0.36, 'gfdgfd', NULL, NULL),
(17, 36, 36, '2023-01-17', 1, 1, 0.10, 0.30, 'Bo mało mamony.', 1, 'Zaakceptowano'),
(18, 36, 36, '2023-01-17', 1, 1, 0.30, 2.00, 'Jeszcze wincyj mamony.', 0, 'Zbyt wysoka wnioskowana stawka.'),
(19, 36, 0, '2023-01-17', 1, 1, 0.30, 0.50, 'Mejbi wincyj mamony ale nie za dużo.', NULL, NULL);

-- --------------------------------------------------------

--
-- Struktura tabeli dla tabeli `prompociag`
--

CREATE TABLE `prompociag` (
  `id` int(11) NOT NULL,
  `nazwa` varchar(40) NOT NULL,
  `kategoria` varchar(100) NOT NULL DEFAULT 'Podstawa i DLC'
) ENGINE=InnoDB DEFAULT CHARSET=utf8mb4;

--
-- Zrzut danych tabeli `prompociag`
--

INSERT INTO `prompociag` (`id`, `nazwa`, `kategoria`) VALUES
(2, 'Newcastle upon Tyne - Amsterdam', 'Podstawa i DLC'),
(3, 'Amsterdam - Newcastle upon Tyne', 'Podstawa i DLC'),
(4, 'Grimsby - Esbjerg', 'Podstawa i DLC'),
(5, 'Esbjerg - Grimsby', 'Podstawa i DLC'),
(6, 'Grimbsy - Rotterdam', 'Podstawa i DLC'),
(7, 'Rotterdam - Grimsby', 'Podstawa i DLC'),
(8, 'Rotterdam - Felixstowe', 'Podstawa i DLC'),
(9, 'Dover - Calais (prom)', 'Podstawa i DLC'),
(10, 'Calais - Dover (prom)', 'Podstawa i DLC'),
(11, 'Dover - Calais (pociąg)', 'Podstawa i DLC'),
(12, 'Calais - Dover (pociąg)', 'Podstawa i DLC'),
(13, 'Plymouth - Roscoff', 'Podstawa i DLC'),
(14, 'Roscoff - Plymouth', 'Podstawa i DLC'),
(15, 'Plymouth - Bilbao', 'Podstawa i DLC'),
(16, 'Bilbao - Plymouth', 'Podstawa i DLC'),
(17, 'Plymouth - Santander', 'Podstawa i DLC'),
(18, 'Santander - Plymouth', 'Podstawa i DLC'),
(19, 'Walencja - Palermo', 'Podstawa i DLC'),
(20, 'Palermo - Walencja', 'Podstawa i DLC'),
(21, 'Barcelona - Sassari', 'Podstawa i DLC'),
(22, 'Sassari - Barcelona', 'Podstawa i DLC'),
(23, 'Barcelona - Neapol', 'Podstawa i DLC'),
(24, 'Neapol - Barcelona', 'Podstawa i DLC'),
(25, 'Barcelona - Marsylia', 'Podstawa i DLC'),
(26, 'Marsylia - Barcelona', 'Podstawa i DLC'),
(27, 'Marsylia - Porto-Vcchico', 'Podstawa i DLC'),
(28, 'Porto-Vecchico - Marsylia', 'Podstawa i DLC'),
(29, 'Ajaccio - Sassari', 'Podstawa i DLC'),
(30, 'Sassari - Ajaccio', 'Podstawa i DLC'),
(31, 'Cagliari - Palermo', 'Podstawa i DLC'),
(32, 'Palermo - Cagliari', 'Podstawa i DLC'),
(33, 'Cagliari - Neapol', 'Podstawa i DLC'),
(34, 'Neapol - Cagliari', 'Podstawa i DLC'),
(35, 'Palermo - Neapol', 'Podstawa i DLC'),
(36, 'Neapol - Palermo', 'Podstawa i DLC'),
(37, 'Gdańsk - Karlskrona', 'Podstawa i DLC'),
(38, 'Karlskrona - Gdańsk', 'Podstawa i DLC'),
(39, 'Gdańsk - Nynashamn', 'Podstawa i DLC'),
(40, 'Nynashamm - Gdańsk', 'Podstawa i DLC'),
(41, 'Lipawa - Travemunde', 'Podstawa i DLC'),
(42, 'Travemunde - Lipawa', 'Podstawa i DLC'),
(43, 'Windawa - Nynashamn', 'Podstawa i DLC'),
(44, 'Nynashamn - Windawa', 'Podstawa i DLC'),
(45, 'Paldiski - Kapellskar', 'Podstawa i DLC'),
(46, 'Kappelskar - Paldiski', 'Podstawa i DLC'),
(47, 'Tallinn - Helsinki', 'Podstawa i DLC'),
(48, 'Helsinki - Tallinn', 'Podstawa i DLC'),
(49, 'Helsinki - Travemunde', 'Podstawa i DLC'),
(50, 'Travemunde - Helsinki', 'Podstawa i DLC'),
(51, 'Naantali - Kapellskar', 'Podstawa i DLC'),
(52, 'Kapellskar - Naantali', 'Podstawa i DLC'),
(53, 'Trelleborg - Rostock', 'Podstawa i DLC'),
(54, 'Rostock -Trelleborg', 'Podstawa i DLC'),
(55, 'Gedser - Rostock', 'Podstawa i DLC'),
(56, 'Rostock - Gedser', 'Podstawa i DLC'),
(57, 'Frederikshavn - Goteborg', 'Podstawa i DLC'),
(58, 'Goteboeg - Frederikshavn', 'Podstawa i DLC'),
(59, 'Frederikshavn - Oslo', 'Podstawa i DLC'),
(60, 'Oslo - Frederikshavn', 'Podstawa i DLC'),
(61, 'Hirtshals - Kirstiansand', 'Podstawa i DLC'),
(62, 'Kristiansand - Hirtshals', 'Podstawa i DLC'),
(63, 'Hirtshals - Stavanger', 'Podstawa i DLC'),
(64, 'Stavanger - Hirtshals', 'Podstawa i DLC'),
(65, 'Hirtshals - Bergen', 'Podstawa i DLC'),
(66, 'Bergen - Hirtshals', 'Podstawa i DLC'),
(67, 'Messina - Villa San Giovanni', 'Podstawa i DLC'),
(68, 'Villa San Giovanni - Messina', 'Podstawa i DLC'),
(69, 'Granville - Saint Helier', 'ProMods'),
(70, 'Saint Helier - Granville', 'ProMods'),
(71, 'Saint Helier - Cherbourg-en-Cotentin', 'ProMods'),
(72, 'Cherbourg-en-Cotentin - Saint Helier', 'ProMods'),
(73, 'Cherbourg-en-Cotentin - Portsmouth', 'ProMods'),
(74, 'Portsmouth - Cherbourg-en-Cotentin', 'ProMods'),
(75, 'Saint Helier - Portsmouth', 'ProMods'),
(76, 'Portsmouth - Saint Helier', 'ProMods'),
(77, 'Fishguard - Wexford', 'ProMods'),
(78, 'Wexford - Fishguard', 'ProMods'),
(79, 'Holyhead - Dublin', 'ProMods'),
(80, 'Dublin - Holyhead', 'ProMods'),
(81, 'Heysham - Douglas', 'ProMods'),
(82, 'Douglas - Heysham', 'ProMods'),
(83, 'Douglas - Belfast', 'ProMods'),
(84, 'Belfast - Douglas', 'ProMods'),
(85, 'Larne - Cairnryan', 'ProMods'),
(86, 'Cairnryan - Larne', 'ProMods'),
(87, 'Oban - Cochboisdale', 'ProMods'),
(88, 'Cochboisdale - Oban', 'ProMods'),
(89, 'Uig - Lochmaddy', 'ProMods'),
(90, 'Lochmaddy - Uig', 'ProMods'),
(91, 'Uig - Tarbert', 'ProMods'),
(92, 'Tarbert - Uig', 'ProMods'),
(93, 'Stornoway - Ullapool', 'ProMods'),
(94, 'Ullapoll - Stornoway', 'ProMods'),
(95, 'Thurso - Torshavn', 'ProMods'),
(96, 'Torshavn - Thurso', 'ProMods'),
(97, 'Thurso - Stromness', 'ProMods'),
(98, 'Stromness - Thurso', 'ProMods'),
(99, 'Torshavn - Bergen', 'ProMods'),
(100, 'Bergen - Torshavn', 'ProMods'),
(101, 'Torshavn - Hirtshals', 'ProMods'),
(102, 'Hirtshals - Torshavn', 'ProMods'),
(103, 'Torshavn - Seyoisfjorour', 'ProMods'),
(104, 'Seyoisfjorour - Torshavn', 'ProMods'),
(105, 'Seyoisfjorour - Hirtshals', 'ProMods'),
(106, 'Hirtshals - Seyoisfjorour', 'ProMods'),
(107, 'Vestmannaeyj ar - Landeyjahofn', 'ProMods'),
(108, 'Landeyjahofn - Vestmannaeyj ar', 'ProMods'),
(109, 'Hull - Esbjerg', 'ProMods'),
(110, 'Esbjerg - Hull', 'ProMods'),
(111, 'Hull - Rotterdam', 'ProMods'),
(112, 'Rotterdam - Hull', 'ProMods'),
(113, 'Ystad - Ronne', 'ProMods'),
(114, 'Ronne - Ystad', 'ProMods'),
(115, 'Ystad - Świnoujście', 'ProMods'),
(116, 'Świnoujście - Ystad', 'ProMods'),
(117, 'Świnoujście - Trelleborg', 'ProMods'),
(118, 'Trelleborg - Świnoujście', 'ProMods'),
(119, 'Nynashamn - Visby', 'ProMods'),
(120, 'Visby - Nynashamn', 'ProMods'),
(121, 'Karlskrona - Gdynia', 'ProMods'),
(122, 'Gdynia - Karskrona', 'ProMods'),
(123, 'Kepellskar - Maarianhmina', 'ProMods'),
(124, 'Maarianhmina - Kepellskar', 'ProMods'),
(125, 'Umea - Vaasa', 'ProMods'),
(126, 'Vaasa - Umea', 'ProMods'),
(127, 'Kuivastu - Virstu', 'ProMods'),
(128, 'Virstu - Kuivastu', 'ProMods'),
(129, 'Kłajpeda - Smiltyne', 'ProMods'),
(130, 'Smiltyne - Kłajpeda', 'ProMods'),
(131, 'Braiła - Smardan', 'ProMods'),
(132, 'Smardan - Braiła', 'ProMods'),
(133, 'Dubrownik - Bari', 'ProMods'),
(134, 'Bari - Dubrownik', 'ProMods'),
(135, 'Bar - Bari', 'ProMods'),
(136, 'Bari - Bar', 'ProMods'),
(137, 'Bari - Lgumentsa', 'ProMods'),
(138, 'Lgumentsa - Bari', 'ProMods'),
(139, 'Saloniki - Aszdod', 'ProMods'),
(140, 'Aszdod - Saloniki', 'ProMods'),
(141, 'Saloniki - Port Said', 'ProMods'),
(142, 'Port Said - Saloniki', 'ProMods'),
(143, 'Saloniki - Limassol', 'ProMods'),
(144, 'Limassol - Saloniki', 'ProMods'),
(145, 'Ambarli - Bejrut', 'ProMods'),
(146, 'Bejrut - Ambarli', 'ProMods'),
(147, 'Ambarli - Mersin', 'ProMods'),
(148, 'Mersin - Ambarli', 'ProMods'),
(149, 'Mersin - Iskenderun', 'ProMods'),
(150, 'Iskenderun - Mersin', 'ProMods'),
(151, 'Mersin - Trypolis', 'ProMods'),
(152, 'Trypolis - Mersin', 'ProMods'),
(153, 'Latakia - Larnaka', 'ProMods'),
(154, 'Larnaka - Latakia', 'ProMods'),
(155, 'Bejrut - Laranka', 'ProMods'),
(156, 'Larnaka - Bejrut', 'ProMods'),
(157, 'Hajfa - Laranka', 'ProMods'),
(158, 'Laranka - Hajfa', 'ProMods'),
(159, 'Port Said - Limassol', 'ProMods'),
(160, 'Limassol - Port Said', 'ProMods'),
(161, 'Taba - Akaba', 'ProMods'),
(162, 'Akaba - Taba', 'ProMods'),
(163, 'Felixstowe - Rotterdam', 'Podstawa i DLC'),
(164, 'Cernavoda - Gałacz', 'Podstawa i DLC'),
(165, 'Gałacz - Cernavoda', 'Podstawa i DLC'),
(166, 'Warna - Poti', 'ProMods'),
(167, 'Poti - Warna', 'ProMods');

-- --------------------------------------------------------

--
-- Struktura tabeli dla tabeli `rekrutacja`
--

CREATE TABLE `rekrutacja` (
  `id` int(11) NOT NULL,
  `steamid` varchar(30) NOT NULL,
  `lat` int(3) NOT NULL,
  `godzin` int(6) NOT NULL,
  `email` varchar(120) NOT NULL,
  `truckbook` varchar(120) NOT NULL,
  `truckersmp` varchar(120) NOT NULL,
  `dlaczego` varchar(500) NOT NULL,
  `klucz` varchar(32) NOT NULL,
  `discord` varchar(30) NOT NULL
) ENGINE=InnoDB DEFAULT CHARSET=utf8mb4;

-- --------------------------------------------------------

--
-- Struktura tabeli dla tabeli `trasy`
--

CREATE TABLE `trasy` (
  `id` int(11) NOT NULL,
  `kto` int(11) NOT NULL,
  `gra` int(3) NOT NULL DEFAULT 0,
  `vmax` int(200) NOT NULL,
  `typzlecenia` int(5) NOT NULL,
  `kiedy` timestamp NOT NULL DEFAULT current_timestamp(),
  `od` int(11) NOT NULL,
  `do` int(11) NOT NULL,
  `ladunek` varchar(50) NOT NULL,
  `przejechane` double(10,2) NOT NULL,
  `spalanie` double(10,2) NOT NULL,
  `masaladunku` int(11) NOT NULL,
  `zarobek` double(10,2) NOT NULL,
  `paliwo` double(10,2) NOT NULL,
  `uszkodzenia` double(10,2) NOT NULL,
  `komentarz` text DEFAULT NULL,
  `zdj` varchar(2000) NOT NULL,
  `zatwierdz` int(11) NOT NULL,
  `powododrzuc` text NOT NULL,
  `dozwolpoprawke` int(11) NOT NULL,
  `kara` double(10,2) NOT NULL,
  `wlasnyzarobek` double(10,2) NOT NULL DEFAULT 0.00,
  `naczepa` int(11) NOT NULL,
  `typserwera` int(3) NOT NULL DEFAULT 0
) ENGINE=InnoDB DEFAULT CHARSET=utf8mb4;

--
-- Zrzut danych tabeli `trasy`
--

INSERT INTO `trasy` (`id`, `kto`, `gra`, `vmax`, `typzlecenia`, `kiedy`, `od`, `do`, `ladunek`, `przejechane`, `spalanie`, `masaladunku`, `zarobek`, `paliwo`, `uszkodzenia`, `komentarz`, `zdj`, `zatwierdz`, `powododrzuc`, `dozwolpoprawke`, `kara`, `wlasnyzarobek`, `naczepa`, `typserwera`) VALUES
(15, 1, 0, 90, 1, '2022-10-12 22:00:00', 193, 481, 'Test', 1000.00, 239.00, 22, 21374.00, 0.00, 3.00, 'dassda', '', 1, '', 0, 6.68, 150.00, 0, 0),
(17, 1, 1, 90, 2, '2022-10-12 22:00:00', 515, 513, 'Chleb i Wino', 328.00, 34.00, 22, 2137.00, 0.00, 2.00, 'okdfs', '', 2, 'dfs', 0, 0.00, 49.20, 0, 0),
(18, 1, 0, 90, 2, '2022-10-12 22:00:00', 108, 333, 'Chleb i Wino', 1000.00, 323.00, 22, 21374.00, 0.00, 5.00, 'ASDDASSDA', '', 1, '', 0, 0.00, 150.00, 0, 0),
(19, 1, 0, 90, 0, '2022-10-12 22:00:00', 337, 337, 'Wódke', 20.00, 43.00, 22, 21374.00, 2.00, 8.00, 'DFSFSDFSD', '', 1, '', 0, 6.00, 6.00, 0, 0),
(20, 8, 0, 93, 2, '2022-10-12 22:00:00', 336, 28, 'Wino', 1000.00, 455.00, 23, 23456.00, 0.00, 0.00, 'Tak ma być', '', 1, '', 0, 0.00, 100.00, 0, 0),
(21, 8, 0, 94, 2, '2022-10-12 22:00:00', 487, 474, 'Wino', 3000.00, 200.00, 30, 54432.00, 0.00, 0.00, '', '', 1, '', 0, 0.00, 300.00, 0, 0),
(22, 8, 0, 96, 0, '2022-10-12 22:00:00', 82, 24, 'Woda Gazowana', 611.00, 49.00, 24, 20808.00, 0.00, 0.00, '', '', 1, '', 0, 0.00, 61.10, 0, 0),
(23, 1, 0, 90, 1, '2022-10-12 22:00:00', 29, 473, 'Chleb i Wino', 1328.00, 230.00, 22, 3232.00, 0.00, 32.00, 'dsadas', '', 1, '', 0, 3.00, 398.40, 0, 0),
(25, 8, 0, 45, 0, '2022-10-12 22:00:00', 478, 338, 'Wino', 3333.00, 323.00, 33, 345678.00, 0.00, 0.00, '', '', 1, '', 0, 0.00, 333.30, 0, 0),
(26, 8, 0, 99, 2, '2022-10-12 22:00:00', 338, 367, 'Woda Gazowana', 1233.00, 450.00, 22, 4321.00, 0.00, 3.00, '', '', 1, '', 0, 500.00, 123.30, 0, 0),
(27, 10, 0, 95, 1, '2022-10-12 22:00:00', 105, 408, 'Serce z Kamienia', 556.00, 600.00, 10, 1000.00, 0.00, 0.00, 'Szukałem napisu LOVE ale nie było', '', 1, '', 0, 0.00, 55.60, 0, 0),
(29, 10, 0, 99, 0, '2022-10-12 22:00:00', 105, 108, 'Sumienie', 1581.00, 1231.00, 99, 1137.00, 0.00, 0.00, '', '', 2, 'Nie starasz sie...\r\nKolejne ostrzeżenie', 0, 0.00, 158.10, 0, 0),
(30, 10, 0, 100, 0, '2022-10-12 22:00:00', 107, 178, 'Procesory komputerowe', 1079.00, 552.00, 4, 36380.00, 0.00, 6.00, 'Dla testu zrobiłem trase Jake', '', 1, '', 0, 100.00, 107.90, 0, 0),
(31, 8, 0, 90, 2, '2022-10-12 22:00:00', 700, 441, 'Zużyte plastiki', 1402.00, 456.40, 22, 27150.00, 0.00, 0.00, '', '', 1, '', 0, 0.00, 140.20, 0, 0),
(32, 8, 0, 90, 2, '2022-10-12 22:00:00', 441, 678, 'Puste palety', 982.00, 378.50, 21, 25152.00, 0.00, 0.00, '', '', 1, '', 0, 0.00, 98.20, 0, 0),
(33, 8, 0, 90, 2, '2022-10-12 22:00:00', 678, 690, 'Puste palety', 863.00, 253.10, 22, 31880.00, 0.00, 0.00, '', '', 1, '', 0, 0.00, 86.30, 0, 0),
(34, 8, 0, 90, 2, '2022-10-12 22:00:00', 690, 701, 'Użyte opakowania ', 575.00, 187.30, 22, 20713.00, 0.00, 0.00, '', '', 2, 'nie ma zdj', 0, 0.00, 0.00, 0, 0),
(35, 8, 0, 90, 2, '2022-10-12 22:00:00', 701, 677, 'Gumy do żucią', 481.00, 171.00, 8, 16908.00, 0.00, 0.00, '', '', 1, '', 0, 0.00, 48.10, 0, 0),
(36, 8, 0, 93, 2, '2022-10-12 22:00:00', 690, 701, 'Zużyte opakowania', 572.00, 187.30, 20, 20713.00, 0.00, 0.00, '', '', 1, '', 0, 0.00, 57.20, 0, 0),
(41, 8, 0, 69, 2, '2022-10-12 22:00:00', 25, 25, 'Woda Gazowana', 3445.00, 543.00, 22, 4321.00, 0.00, 0.00, '', '', 1, '', 0, 0.00, 344.50, 0, 0),
(42, 1, 0, 88, 2, '2022-10-12 22:00:00', 61, 710, 'Cygańskie firanki heh', 1001.00, 11.00, 777, 29673.00, 22.00, 33.00, 'TEST H', '', 1, '', 0, 3.00, 300.30, 32, 1),
(43, 8, 0, 92, 2, '2022-10-12 22:00:00', 43, 679, 'Zużyte plastiki', 1592.00, 1534.00, 9, 49684.00, 0.00, 0.00, '', '', 2, 'W chuja to my ale nie nas!\r\nzły screen', 0, 0.00, 159.20, 4, 0),
(44, 8, 0, 94, 2, '2022-10-12 22:00:00', 67, 450, 'Zużyte akumulatory', 2363.00, 789.70, 17, 103545.00, 0.00, 0.00, '', '', 1, '', 0, 0.00, 236.30, 4, 0),
(52, 8, 0, 92, 2, '2022-10-12 22:00:00', 110, 30, 'Kostki słomy ', 2334.00, 1095.50, 15, 85518.00, 0.00, 2.00, 'Już jest zgłoszone by mogły być wartości po przecinku :)', '', 2, 'Złe screeny\r\n', 0, 0.00, 0.00, 4, 0),
(53, 8, 0, 92, 2, '2022-10-12 22:00:00', 30, 440, 'Puste palety', 912.00, 395.80, 22, 25980.00, 0.00, 0.00, '', '', 2, 'Firanka a nie furgon ;)\r\nNaucz sie w końcu dobrze robić zlecenia ;)', 0, 0.00, 0.00, 8, 0),
(54, 8, 0, 92, 2, '2022-10-12 22:00:00', 110, 30, 'Kostki słomy ', 2334.00, 1095.50, 15, 85518.00, 0.00, 1.90, 'Zgłoszone do poprawy by można było dać po przecinku :)', '', 1, '', 0, 23.34, 233.40, 4, 0),
(55, 8, 0, 90, 2, '2022-10-12 22:00:00', 30, 440, 'Puste palety', 912.00, 395.80, 22, 25980.00, 0.00, 0.00, '', '', 1, '', 0, 0.00, 91.20, 4, 0),
(56, 1, 0, 32, 1, '2022-10-12 22:00:00', 362, 28, 'test', 2323.00, 3232.00, 33, 3434.43, 3.43, 1.37, 'fsdfdsfds', '', 1, '', 0, 0.00, 696.90, 8, 0),
(57, 8, 0, 95, 2, '2022-10-12 22:00:00', 108, 685, 'Samochody', 2499.00, 888.00, 7, 152551.00, 0.00, 0.00, '', '', 1, '', 0, 0.00, 249.90, 36, 0),
(58, 8, 0, 91, 2, '2022-10-12 22:00:00', 685, 673, 'Puste palety', 852.00, 356.10, 22, 28051.00, 0.00, 0.00, '', '', 1, '', 0, 0.00, 85.20, 8, 0),
(59, 15, 0, 91, 2, '2022-10-12 22:00:00', 685, 673, 'Puste Palety', 849.00, 271.90, 22, 28051.00, 0.00, 0.00, '', '', 1, '', 0, 0.00, 84.90, 8, 0),
(60, 15, 0, 91, 2, '2022-10-12 22:00:00', 698, 440, 'Wieprzowina', 1157.00, 370.50, 18, 48846.00, 0.00, 0.00, '', '', 1, '', 0, 0.00, 115.70, 16, 0),
(61, 15, 0, 92, 2, '2022-10-12 22:00:00', 440, 675, 'Puste Palety', 1160.00, 371.40, 22, 45372.00, 0.00, 0.00, '', '', 1, '', 0, 0.00, 116.00, 4, 0),
(62, 15, 0, 90, 2, '2022-10-12 22:00:00', 675, 679, 'Puste beczki', 676.00, 216.60, 9, 26316.00, 0.00, 0.00, '', '', 1, '', 0, 0.00, 67.60, 4, 0),
(66, 15, 0, 91, 2, '2022-10-12 22:00:00', 679, 676, 'Gumy do żucia', 655.00, 210.20, 23, 26522.00, 0.00, 0.00, '', '', 1, '', 0, 0.00, 65.50, 4, 0),
(67, 18, 0, 91, 2, '2022-10-12 22:00:00', 44, 176, 'Groszek', 2531.00, 1141.40, 18, 441636.00, 1000.00, 0.00, 'Startowałem z Bastia i płynąłem promem z wyspy do Marsylii\r\nzaznaczyłem początek trasy Marsylia bo nie ma wyboru początku trasy Bastia i promu odpowiedniego do Marsylii', '', 1, '', 0, 0.00, 25.31, 4, 0),
(68, 18, 0, 93, 2, '2022-10-12 22:00:00', 176, 64, 'Woda gazowana', 1322.00, 627.30, 24, 235630.00, 700.00, 0.00, '', '', 1, '', 0, 0.00, 13.22, 4, 0),
(69, 18, 0, 91, 2, '2022-10-12 22:00:00', 64, 705, 'puste palety', 3195.00, 1452.60, 22000, 110402.00, 250.00, 0.00, '', '', 1, '', 0, 0.00, 319.50, 4, 0),
(70, 8, 0, 0, 0, '2022-10-12 22:00:00', 108, 104, 'Samochody', 1.00, 0.80, 7, 18509.00, 0.00, 0.00, '', '', 1, '', 0, 0.00, 0.10, 36, 0),
(71, 8, 0, 92, 0, '2022-10-12 22:00:00', 110, 112, 'Płyty Warstwowe', 105.00, 52.60, 12, 3075.00, 0.00, 0.00, '', '', 2, 'Sprawdzanie', 0, 0.00, 0.00, 4, 0),
(74, 15, 0, 93, 2, '2022-10-12 22:00:00', 697, 700, 'Napoje', 182.00, 58.50, 23, 7566.00, 0.00, 0.00, '', '', 1, '', 0, 0.00, 18.20, 4, 0),
(75, 15, 0, 90, 2, '2022-10-12 22:00:00', 688, 691, 'Mleko kokosowe ', 768.00, 247.00, 24, 33750.00, 0.00, 0.00, '', '', 1, '', 0, 0.00, 76.80, 4, 0),
(76, 8, 0, 93, 2, '2022-10-12 22:00:00', 441, 700, 'Meble', 953.00, 372.80, 16, 49912.00, 0.00, 0.00, 'Z Tel słabo widać wybacz Szefowa ❤', '', 1, '', 0, 0.00, 95.30, 4, 0),
(77, 8, 0, 91, 2, '2022-10-12 22:00:00', 688, 691, 'Mleko kokosowe', 770.00, 330.80, 24, 33750.00, 0.00, 0.00, '', '', 1, '', 0, 0.00, 77.00, 4, 0),
(78, 8, 0, 94, 2, '2022-10-12 22:00:00', 107, 167, 'Użyte opakowania ', 566.00, 365.70, 20, 20607.00, 0.00, 0.00, 'Zdjęcie troszku później pierwsze robione ale jest <3 ', '', 1, '', 0, 0.00, 56.60, 4, 0),
(79, 8, 0, 98, 2, '2022-10-12 22:00:00', 167, 94, 'Jacht- Królowa V39', 1060.00, 571.80, 9, 71641.00, 0.00, 0.00, '', '', 1, '', 0, 0.00, 106.00, 34, 0),
(80, 15, 0, 88, 2, '2022-10-12 22:00:00', 440, 676, 'Użyte opakowania', 1237.00, 396.10, 20, 45928.00, 0.00, 0.00, '', '', 1, '', 0, 0.00, 123.70, 4, 0),
(81, 15, 0, 90, 2, '2022-10-12 22:00:00', 676, 443, 'Nawóz', 908.00, 293.00, 20, 40528.00, 0.00, 1.40, '', '', 1, '', 0, 4.55, 90.80, 4, 0),
(82, 10, 0, 97, 2, '2022-10-12 22:00:00', 93, 676, 'Części Hydrauliczne', 4220.00, 1351.00, 18, 173666.00, 0.00, 0.00, '', '', 2, 'paliwo złe', 1, 0.00, 0.00, 4, 0),
(83, 8, 0, 93, 2, '2022-10-12 22:00:00', 93, 676, 'Części hydrauliczne', 4227.00, 1816.00, 18, 175557.00, 0.00, 0.00, '', '', 1, '', 0, 0.00, 422.70, 4, 0),
(84, 15, 0, 95, 2, '2022-10-12 22:00:00', 93, 676, 'Części hydrauliczne', 4227.00, 1354.90, 18, 175557.00, 0.00, 0.00, ' :3', '', 1, '', 0, 0.00, 422.70, 4, 0),
(85, 18, 0, 94, 2, '2022-10-12 22:00:00', 57, 644, 'Systemy kominkowe', 2933.00, 1334.60, 18, 121128.00, 200.00, 0.00, '', '', 1, '', 0, 0.00, 293.30, 4, 0),
(86, 15, 0, 92, 2, '2022-10-12 22:00:00', 57, 644, 'Systemy kominowe', 2920.00, 935.00, 18, 138862.00, 0.00, 0.00, '', '', 1, '', 0, 0.00, 292.00, 4, 0),
(87, 8, 0, 95, 2, '2022-10-12 22:00:00', 57, 644, 'Systemy kominowe', 2932.00, 1429.20, 18, 138862.00, 0.00, 0.00, 'Konwój ', '', 1, '', 0, 0.00, 293.20, 4, 0),
(88, 8, 0, 98, 0, '2022-10-12 22:00:00', 644, 330, 'Świetliki dachowe', 2613.00, 860.80, 5, 136684.00, 0.00, 0.00, '', '', 1, '', 0, 0.00, 261.30, 4, 0),
(89, 8, 0, 99, 0, '2022-10-12 22:00:00', 330, 166, 'Korki', 1906.00, 723.20, 5, 84009.00, 0.00, 0.00, '', '', 1, '', 0, 0.00, 190.60, 4, 0),
(90, 8, 0, 92, 0, '2022-10-12 22:00:00', 166, 389, 'Paczki pocztowe', 1254.00, 498.20, 11, 63891.00, 0.00, 0.00, '', '', 1, '', 0, 0.00, 125.40, 4, 0),
(91, 15, 0, 89, 2, '2022-10-12 22:00:00', 691, 679, 'Fasola', 1266.00, 405.40, 12, 48797.00, 0.00, 0.00, '', '', 1, '', 0, 0.00, 126.60, 4, 0),
(92, 15, 0, 91, 2, '2022-10-12 22:00:00', 679, 75, 'Ocet', 2044.00, 654.70, 15, 91772.00, 0.00, 0.00, '', '', 1, '', 0, 0.00, 204.40, 4, 0),
(93, 10, 0, 95, 2, '2022-10-12 22:00:00', 105, 52, 'Plastikowe rolki filmowe', 1842.00, 596.70, 18, 72393.00, 317.00, 0.00, '', '', 1, '', 0, 0.00, 184.20, 4, 0),
(94, 10, 0, 98, 0, '2022-10-12 22:00:00', 105, 186, 'Smar Grafitowy', 1519.00, 491.90, 16, 63490.00, 493.00, 0.00, '', '', 1, '', 0, 0.00, 151.90, 4, 0),
(96, 8, 0, 92, 0, '2022-10-12 22:00:00', 108, 431, 'Metalowe puszki', 960.00, 357.30, 4, 38506.00, 0.00, 0.00, '', '', 1, '', 0, 0.00, 96.00, 4, 0),
(97, 8, 0, 94, 0, '2022-10-12 22:00:00', 431, 465, 'Świetliki dachowe', 752.00, 263.50, 5, 36252.00, 0.00, 0.00, '', '', 1, '', 0, 0.00, 75.20, 4, 0),
(98, 10, 0, 99, 0, '2022-10-12 22:00:00', 105, 33, 'Użyte Opakownia', 1409.00, 454.00, 20, 52908.00, 2.00, 0.00, '', '', 1, '', 0, 0.00, 140.90, 4, 0),
(100, 8, 0, 94, 0, '2022-10-12 22:00:00', 108, 420, 'Gruszki', 1107.00, 521.80, 15, 48936.00, 0.00, 0.00, '', '', 1, '', 0, 0.00, 110.70, 4, 0),
(101, 8, 0, 96, 0, '2022-10-12 22:00:00', 420, 691, 'Użyte opakowania ', 2432.00, 1087.40, 20, 85690.00, 1943.00, 0.00, '', '', 1, '', 0, 0.00, 243.20, 4, 0),
(102, 8, 0, 96, 2, '2022-10-12 22:00:00', 691, 701, 'Użyte opakowania ', 761.00, 296.50, 20, 26602.00, 0.00, 0.00, '', '', 1, '', 0, 0.00, 76.10, 4, 0),
(103, 8, 0, 95, 2, '2022-10-12 22:00:00', 701, 687, 'Koncentrat sokowy', 490.00, 219.10, 24, 17465.00, 1482.00, 0.00, '', '', 1, '', 0, 0.00, 49.00, 4, 0),
(104, 8, 0, 95, 2, '2022-10-12 22:00:00', 687, 693, 'Liny satlowe', 550.00, 194.20, 14, 19224.00, 0.00, 0.00, '', '', 1, '', 0, 0.00, 55.00, 4, 0),
(105, 8, 0, 91, 2, '2022-10-12 22:00:00', 693, 694, 'Wełna kamienna', 707.00, 188.20, 5, 25290.00, 0.00, 0.00, '', '', 1, '', 0, 0.00, 70.70, 4, 0),
(106, 8, 0, 92, 2, '2022-10-12 22:00:00', 694, 682, 'Miedziane rynny dachowe', 643.00, 207.50, 8, 27253.00, 0.00, 0.00, '', '', 1, '', 0, 0.00, 64.30, 4, 0),
(107, 8, 0, 95, 0, '2022-10-12 22:00:00', 441, 228, 'Filety z dorsza', 2837.00, 1061.40, 16, 125952.00, 1663.00, 0.00, 'Nie ma wszystkich portów więc nie mam jak wybrać.', '', 1, '', 0, 0.00, 283.70, 16, 0),
(108, 15, 0, 90, 2, '2022-10-12 22:00:00', 32, 446, 'Puszkowana kawa mrożona', 1073.00, 344.00, 21, 41774.00, 310.00, 0.00, ':3', '', 1, '', 0, 0.00, 107.30, 4, 0),
(111, 8, 0, 91, 0, '2022-10-12 22:00:00', 228, 382, 'Wołowina', 1604.00, 789.20, 21, 70006.00, 0.00, 0.00, 'Nadal nie ma tego promu :P', '', 1, '', 0, 0.00, 160.40, 16, 0),
(112, 8, 0, 100, 0, '2022-10-12 22:00:00', 382, 204, 'Szcepionki', 1137.00, 558.80, 5, 57789.00, 901.00, 5.00, 'Landówka śmierci na promodsie... Nie polecam...', '', 1, '', 0, 28.42, 113.70, 16, 0),
(118, 8, 0, 95, 0, '2022-10-12 22:00:00', 204, 110, 'Mięso z kurczaka', 2502.00, 1051.00, 17, 115115.00, 1615.00, 0.00, 'Prom z Helsinek do Tallinna', '', 1, '', 0, 0.00, 250.20, 16, 0),
(119, 8, 0, 90, 0, '2022-10-12 22:00:00', 110, 109, 'Napoje', 504.00, 249.30, 23, 23114.00, 0.00, 1.00, '', '', 1, '', 0, 2.52, 50.40, 16, 0),
(121, 15, 0, 99, 0, '2022-10-12 22:00:00', 108, 698, 'Suszarki bębnowe', 3139.00, 1010.40, 13, 138889.00, 1159.00, 5.00, 'Aguś bo te uszkodzenia to przez głupie boty >:(', '', 1, '', 0, 78.50, 313.90, 4, 0),
(122, 10, 0, 97, 0, '2022-10-12 22:00:00', 108, 698, 'Suszarki bębnowe', 3130.00, 1005.40, 13, 188438.00, 419.00, 0.00, '', '', 1, '', 0, 0.00, 313.00, 4, 0),
(123, 8, 0, 97, 0, '2022-10-12 22:00:00', 108, 698, 'Suszarki bębnowe', 3135.00, 952.10, 13, 188438.00, 291.00, 0.00, 'Konwój dla Agusi <3 ', '', 1, '', 0, 0.00, 313.50, 4, 0),
(124, 15, 0, 96, 0, '2022-10-12 22:00:00', 30, 130, 'Skrzynie biegów', 1052.00, 348.60, 14, 53608.00, 525.00, 4.00, 'No i znowu te uszkodzenia :/', '', 1, '', 0, 21.00, 105.20, 4, 0),
(125, 15, 0, 96, 0, '2022-10-12 22:00:00', 130, 58, 'Puste Palety', 1392.00, 450.60, 22, 55288.00, 365.00, 0.00, '', '', 1, '', 0, 0.00, 139.20, 4, 0),
(126, 8, 0, 95, 0, '2022-10-12 22:00:00', 698, 30, 'Relingi', 1419.00, 561.70, 22, 66912.00, 1283.00, 0.00, '', '', 1, '', 0, 0.00, 141.90, 4, 0),
(127, 8, 0, 94, 0, '2022-10-12 22:00:00', 30, 130, 'Skrzynie biegów', 1050.00, 442.00, 14, 69281.00, 769.00, 0.00, '', '', 1, '', 0, 0.00, 105.00, 4, 0),
(128, 8, 0, 90, 0, '2022-10-12 22:00:00', 130, 58, 'Puste palety', 1392.00, 494.10, 22, 60703.00, 0.00, 0.00, '', '', 1, '', 0, 0.00, 139.20, 4, 0),
(129, 18, 0, 91, 2, '2022-10-12 22:00:00', 698, 30, 'Relingi', 1420.00, 489.60, 22, 58861.00, 0.00, 0.00, '', '', 1, '', 0, 0.00, 142.00, 4, 0),
(130, 18, 0, 96, 2, '2022-10-12 22:00:00', 30, 130, 'skrzynie biegów', 1050.00, 410.80, 14, 53537.00, 704.00, 3.50, 'kolega Drakula we mnie wjechał podczas spostoju na czerwonym swietle', '', 1, '', 0, 5.25, 105.00, 4, 0),
(131, 10, 0, 99, 0, '2022-10-12 22:00:00', 698, 30, 'Relingi', 1418.00, 455.70, 22, 66912.00, 942.00, 0.00, '', '', 1, '', 0, 0.00, 141.80, 4, 0),
(133, 15, 0, 97, 0, '2022-10-12 22:00:00', 58, 671, 'Wędzone szprotki', 2978.00, 961.80, 17, 140619.00, 1004.00, 1.00, '', '', 1, '', 0, 14.90, 297.80, 4, 0),
(135, 8, 0, 97, 0, '2022-10-12 22:00:00', 58, 671, 'Wędzone szprotki', 2974.00, 1164.30, 17, 161206.00, 1824.00, 0.00, '', '', 1, '', 0, 0.00, 297.40, 4, 0),
(136, 8, 0, 95, 0, '2022-10-12 22:00:00', 671, 139, 'Mleko kokosowe', 1519.00, 777.50, 24, 60602.00, 295.00, 2.80, '', '', 1, '', 0, 22.78, 151.90, 4, 0),
(137, 15, 0, 96, 0, '2022-10-12 22:00:00', 671, 139, 'Mleko kokosowe ', 1520.00, 491.30, 24, 62182.00, 474.00, 0.00, '', '', 1, '', 0, 0.00, 152.00, 4, 0),
(138, 23, 0, 95, 0, '2022-10-12 22:00:00', 93, 28, 'skrzyniebiegow', 1110.00, 307.70, 14, 73319.00, 0.00, 0.00, '', '', 1, '', 0, 0.00, 111.00, 4, 0),
(139, 23, 0, 94, 2, '2022-10-12 22:00:00', 28, 51, 'ziemniaki', 298.00, 124.90, 22, 7593.00, 0.00, 0.00, '', '', 1, '', 0, 0.00, 29.80, 4, 0),
(140, 18, 0, 91, 2, '2022-10-12 22:00:00', 671, 669, 'fajerwerki', 1100.00, 428.80, 9, 46888.00, 0.00, 4.30, '', '', 1, '', 0, 22.00, 110.00, 4, 0),
(142, 23, 0, 95, 0, '2022-10-12 22:00:00', 51, 145, 'zuzyteplastiki', 1751.00, 502.40, 9, 36793.00, 1554.00, 0.00, '', '', 1, '', 0, 0.00, 175.10, 4, 0),
(143, 23, 0, 94, 0, '2022-10-12 22:00:00', 145, 160, 'felgiciezarowe', 259.00, 80.30, 12, 8378.00, 0.00, 0.00, 'prom: kapellskär do paldiski', '', 1, '', 0, 0.00, 25.90, 4, 0),
(144, 18, 0, 95, 2, '2022-10-12 22:00:00', 669, 680, 'Procesory komputerowe', 3218.00, 856.80, 3, 159741.00, 1050.00, 3.40, '', '', 1, '', 0, 48.27, 321.80, 4, 0),
(145, 23, 0, 94, 0, '2022-10-12 22:00:00', 160, 107, 'sorbetchemiczny', 812.00, 295.20, 11, 23131.00, 0.00, 0.00, '', '', 1, '', 0, 0.00, 81.20, 4, 0),
(147, 23, 0, 95, 0, '2022-10-12 22:00:00', 107, 141, 'papydachowe', 865.00, 305.10, 19, 25508.00, 0.00, 0.00, '', '', 1, '', 0, 0.00, 86.50, 4, 0),
(148, 23, 0, 94, 2, '2022-10-12 22:00:00', 141, 185, 'skutery', 802.00, 247.20, 9, 37092.00, 0.00, 0.00, 'prom: kapellskär do naantali', '', 1, '', 0, 0.00, 80.20, 4, 0),
(149, 23, 0, 91, 0, '2022-10-12 22:00:00', 185, 177, 'papierbiurowy', 231.00, 89.20, 18, 6318.00, 0.00, 0.00, '', '', 1, '', 0, 0.00, 23.10, 8, 0),
(151, 10, 0, 93, 0, '2022-10-12 22:00:00', 105, 79, 'Ziemniaki', 1330.00, 430.80, 22, 59725.00, 384.00, 0.00, '', '', 1, '', 0, 0.00, 133.00, 4, 0),
(152, 10, 0, 95, 0, '2022-10-12 22:00:00', 79, 21, 'Opony', 516.00, 167.70, 16, 26978.00, 0.00, 0.00, '', '', 1, '', 0, 0.00, 51.60, 4, 0),
(154, 23, 0, 95, 0, '2022-10-12 22:00:00', 177, 50, 'chlodnice ', 2249.00, 622.30, 9, 85678.00, 1524.00, 0.00, 'prom: z naantali do kapellskär', '', 1, '', 0, 0.00, 224.90, 4, 0),
(156, 23, 0, 95, 2, '2022-10-12 22:00:00', 93, 153, 'kielbasy', 955.00, 340.80, 17, 28765.00, 748.00, 0.00, '', '', 1, '', 0, 0.00, 95.50, 12, 0),
(157, 23, 0, 93, 2, '2022-10-12 22:00:00', 153, 165, 'sloiki', 220.00, 77.30, 7, 8960.00, 0.00, 0.00, 'prom: z nynäshamn do windawa', '', 1, '', 0, 0.00, 22.00, 8, 0),
(158, 23, 0, 93, 0, '2022-10-12 22:00:00', 165, 180, 'prefabrykowane schody', 739.00, 257.50, 22, 21673.00, 0.00, 0.00, 'prom: z  tallin do helsinki', '', 1, '', 0, 0.00, 73.90, 4, 0),
(159, 23, 0, 90, 0, '2022-10-12 22:00:00', 180, 163, 'skutery', 376.00, 121.40, 9, 17722.00, 0.00, 0.00, 'prom: z helsinki do tallin', '', 1, '', 0, 0.00, 37.60, 4, 0),
(160, 23, 0, 90, 0, '2022-10-12 22:00:00', 111, 33, 'puste beczki', 1204.00, 394.60, 9, 32879.00, 229.00, 0.00, '', '', 1, '', 0, 0.00, 120.40, 4, 0),
(162, 15, 0, 92, 0, '2022-10-12 22:00:00', 111, 33, 'Puste beczki', 1203.00, 387.10, 9, 44520.00, 842.00, 0.00, '', '', 1, '', 0, 0.00, 120.30, 4, 0),
(163, 23, 0, 95, 0, '2022-10-12 22:00:00', 134, 135, 'zuzyte plastiki', 422.00, 123.50, 9, 9678.00, 0.00, 0.00, '', '', 1, '', 0, 0.00, 42.20, 4, 0),
(164, 23, 0, 90, 0, '2022-10-12 22:00:00', 93, 94, 'puszkowana fasola', 527.00, 202.70, 16, 13991.00, 0.00, 0.00, '', '', 1, '', 0, 0.00, 52.70, 4, 0),
(165, 23, 0, 95, 0, '2022-10-12 22:00:00', 94, 146, 'kwas borowy', 497.00, 168.60, 16, 18745.00, 0.00, 0.00, '', '', 1, '', 0, 0.00, 49.70, 4, 0),
(166, 23, 0, 91, 0, '2022-10-12 22:00:00', 174, 175, 'motocykle', 195.00, 91.20, 15, 9974.00, 0.00, 0.00, '', '', 1, '', 0, 0.00, 19.50, 4, 0),
(167, 23, 0, 95, 0, '2022-10-12 22:00:00', 33, 646, 'srodki czystosci', 2480.00, 804.20, 16, 84606.00, 985.00, 0.00, '', '', 1, '', 0, 0.00, 248.00, 4, 0),
(168, 15, 0, 99, 0, '2022-10-12 22:00:00', 33, 646, 'Środki czystości', 2484.00, 799.70, 16, 102921.00, 639.00, 0.00, '', '', 1, '', 0, 0.00, 248.40, 4, 0),
(169, 23, 0, 94, 0, '2022-10-12 22:00:00', 646, 656, 'uzyte opakowania', 131.00, 69.50, 20, 3844.00, 0.00, 0.00, '', '', 1, '', 0, 0.00, 13.10, 4, 0),
(170, 23, 0, 95, 0, '2022-10-12 22:00:00', 656, 671, 'puste palety', 567.00, 253.20, 22, 16054.00, 0.00, 0.00, '', '', 1, '', 0, 0.00, 56.70, 4, 0),
(171, 8, 0, 95, 0, '2022-10-12 22:00:00', 33, 646, 'Środki czystości', 2475.00, 915.50, 16, 112934.00, 1247.00, 0.00, '', '', 1, '', 0, 0.00, 247.50, 4, 0),
(172, 23, 0, 95, 0, '2022-10-12 22:00:00', 656, 112, 'ubrania', 1418.00, 565.50, 15, 42065.00, 1196.00, 0.00, '', '', 1, '', 0, 0.00, 141.80, 4, 0),
(173, 18, 0, 98, 0, '2022-10-12 22:00:00', 656, 112, 'Ubrania', 1417.00, 549.70, 15, 55285.00, 706.00, 0.00, '', '', 1, '', 0, 0.00, 141.70, 4, 0),
(174, 23, 0, 94, 0, '2022-10-12 22:00:00', 57, 703, 'sorbet chemiczny', 689.00, 287.50, 11, 24290.00, 0.00, 0.00, '1.prom:marsylia do porto-vecchio.\r\n2. prom:ajaccio do sassari', '', 1, '', 0, 0.00, 68.90, 4, 0),
(175, 23, 0, 87, 0, '2022-10-12 22:00:00', 703, 81, 'cebula', 251.00, 101.80, 17, 8511.00, 0.00, 0.00, 'prom: cagliari do palermo', '', 1, '', 0, 0.00, 25.10, 4, 0),
(176, 8, 0, 95, 0, '2022-10-12 22:00:00', 656, 112, 'Ubrania', 1417.00, 635.00, 15, 62121.00, 957.00, 0.00, '', '', 1, '', 0, 0.00, 141.70, 4, 0),
(177, 8, 0, 91, 2, '2022-10-12 22:00:00', 108, 166, 'Szpula kabla przemysłowego ', 1003.00, 727.30, 34, 34755.00, 0.00, 0.00, 'DAF dał radę !!!', '', 1, '', 0, 0.00, 100.30, 33, 0),
(178, 8, 0, 94, 0, '2022-10-12 22:00:00', 166, 63, 'Betonowe schody', 1097.00, 457.00, 19, 32352.00, 1376.00, 0.00, 'Nie ma portu ;/', '', 1, '', 0, 0.00, 109.70, 20, 0),
(179, 18, 1, 109, 2, '2022-10-12 22:00:00', 518, 628, 'Sprzęt biurowy', 2425.00, 1203.90, 18, 55497.00, 777.09, 1.40, 'prędkość i koszt paliwa liczyłem na kalkulatorze ;)', '', 2, 'Już ją oddawałeś bo nie ma jej w tym miesiacu na Trcukbook', 0, 0.00, 0.00, 4, 0),
(180, 23, 0, 94, 0, '2022-10-12 22:00:00', 81, 78, 'podloze do roslin', 207.00, 79.70, 18, 6300.00, 0.00, 0.00, '', '', 1, '', 0, 0.00, 20.70, 4, 0),
(181, 23, 0, 95, 0, '2022-10-12 22:00:00', 93, 69, 'wedzone szprotki', 2068.00, 678.70, 17, 94853.00, 430.00, 0.00, '', '', 1, '', 0, 0.00, 206.80, 4, 0),
(183, 23, 0, 90, 0, '2022-10-12 22:00:00', 69, 83, 'uzyte opakowania', 182.00, 73.80, 20, 4929.00, 0.00, 0.00, '', '', 1, '', 0, 0.00, 18.20, 4, 0),
(184, 23, 0, 95, 0, '2022-10-12 22:00:00', 93, 140, 'wedzone szprotki', 795.00, 268.70, 17, 29185.00, 0.00, 0.00, '', '', 1, '', 0, 0.00, 79.50, 4, 0),
(185, 23, 0, 96, 0, '2022-10-12 22:00:00', 107, 660, 'jablka', 1290.00, 486.70, 20, 60168.00, 0.00, 0.00, '', '', 1, '', 0, 0.00, 129.00, 4, 0),
(186, 15, 0, 93, 0, '2022-10-12 22:00:00', 648, 27, 'Orzechy', 1160.00, 373.40, 18, 46335.00, 80.00, 0.00, '', '', 1, '', 0, 0.00, 116.00, 4, 0),
(187, 23, 0, 95, 0, '2022-10-12 22:00:00', 57, 53, 'migdaly', 854.00, 289.10, 17, 28123.00, 0.00, 0.00, '', '', 1, '', 0, 0.00, 85.40, 4, 0),
(188, 10, 0, 94, 0, '2022-10-12 22:00:00', 105, 64, 'Drzewa w kontenerach', 1021.00, 331.10, 4, 48590.00, 0.00, 0.00, '', '', 1, '', 0, 0.00, 102.10, 4, 0),
(191, 23, 0, 94, 0, '2022-10-12 22:00:00', 146, 643, 'guma naturalna', 2208.00, 782.50, 21, 95481.00, 1070.00, 0.00, '', '', 1, '', 0, 0.00, 220.80, 4, 0),
(192, 23, 0, 95, 0, '2022-10-12 22:00:00', 4, 703, 'ryz', 1641.00, 581.40, 22, 71434.00, 394.00, 0.00, 'prom: z ajaccio do sassari', '', 1, '', 0, 0.00, 164.10, 4, 0),
(193, 10, 0, 95, 0, '2022-10-12 22:00:00', 4, 703, 'Ryż', 1747.00, 566.10, 22, 93677.00, 0.00, 0.00, '', '', 1, '', 0, 0.00, 174.70, 4, 0),
(194, 8, 0, 94, 0, '2022-10-12 22:00:00', 146, 643, 'Guma naturalna', 2248.00, 1023.80, 21, 130290.00, 761.00, 0.00, '', '', 1, '', 0, 0.00, 224.80, 4, 0),
(195, 8, 0, 98, 0, '2022-10-12 22:00:00', 4, 703, 'Ryż', 1815.00, 837.90, 22, 89635.00, 1425.00, 1.00, 'Porto-Vcchico do Sassari', '', 1, '', 0, 9.00, 181.50, 4, 0),
(196, 23, 0, 95, 0, '2022-10-12 22:00:00', 702, 80, 'puste palety', 265.00, 107.80, 22, 8354.00, 0.00, 0.00, '', '', 1, '', 0, 0.00, 26.50, 4, 0),
(197, 23, 0, 95, 0, '2022-10-12 22:00:00', 687, 701, 'zewnetrzne plytki podlogowe', 425.00, 130.30, 20, 14329.00, 0.00, 0.00, '', '', 1, '', 0, 0.00, 42.50, 4, 0),
(198, 23, 0, 91, 2, '2022-10-12 22:00:00', 701, 676, 'lemoniada', 175.00, 63.50, 23, 5658.00, 0.00, 0.00, '', '', 1, '', 0, 0.00, 17.50, 4, 0),
(199, 23, 0, 94, 0, '2022-10-12 22:00:00', 676, 673, 'mleko', 254.00, 95.00, 20, 9354.00, 0.00, 0.00, '', '', 1, '', 0, 0.00, 25.40, 4, 0),
(203, 8, 0, 90, 0, '2022-10-12 22:00:00', 703, 38, 'Sorbet chemiczny ', 839.00, 309.30, 11, 39144.00, 1182.00, 0.00, '', '', 1, '', 0, 0.00, 83.90, 4, 0),
(204, 8, 0, 93, 0, '2022-10-12 22:00:00', 38, 100, 'Olej silnikowy', 1798.00, 674.10, 18, 47983.00, 819.00, 0.00, '', '', 1, '', 0, 0.00, 179.80, 4, 0),
(205, 8, 0, 90, 0, '2022-10-12 22:00:00', 100, 141, 'Świetliki dachowe', 973.00, 317.10, 5, 57144.00, 0.00, 0.00, '', '', 1, '', 0, 0.00, 97.30, 4, 0),
(206, 15, 0, 109, 0, '2022-10-12 22:00:00', 703, 38, 'Sorbet chemiczny', 839.00, 274.90, 11, 36068.00, 1110.00, 0.00, 'Awis wie ze tutaj latanie na bramkach :/', '', 1, '', 0, 0.00, 83.90, 4, 0),
(207, 15, 0, 95, 0, '2022-10-12 22:00:00', 38, 100, 'Olej silnikowy ', 1798.00, 582.30, 18, 43890.00, 715.00, 0.00, '', '', 1, '', 0, 0.00, 179.80, 4, 0),
(208, 15, 0, 96, 0, '2022-10-12 22:00:00', 100, 141, 'Świetliki dachowe', 1113.00, 357.80, 5, 53185.00, 0.00, 0.00, '', '', 1, '', 0, 0.00, 111.30, 4, 0),
(210, 23, 0, 96, 0, '2022-10-12 22:00:00', 673, 670, 'elektronika', 533.00, 155.20, 8, 22257.00, 0.00, 0.00, '', '', 1, '', 0, 0.00, 53.30, 4, 0),
(211, 23, 0, 95, 0, '2022-10-12 22:00:00', 678, 679, 'puste palety', 330.00, 154.50, 22, 9123.00, 0.00, 1.00, '', '', 2, 'Wczytany svae bo były uszkodzenie zrobione przez uderzenie przez znak. ', 0, 0.00, 0.00, 4, 0),
(213, 18, 1, 112, 2, '2022-10-12 22:00:00', 628, 562, 'Opony', 964.00, 489.60, 20, 24477.00, 466.00, 0.00, '', '', 1, '', 0, 0.00, 96.40, 4, 0),
(214, 18, 1, 127, 0, '2022-10-12 22:00:00', 562, 614, 'Nawóz', 885.00, 443.30, 16, 24358.00, 0.00, 0.00, '', '', 1, '', 0, 0.00, 88.50, 4, 0),
(215, 18, 1, 127, 0, '2022-10-12 22:00:00', 614, 549, 'Mąka', 939.00, 466.80, 24, 24403.00, 443.00, 0.00, '', '', 1, '', 0, 0.00, 93.90, 4, 0),
(216, 18, 1, 126, 0, '2022-10-12 22:00:00', 549, 592, 'Zabawki', 499.00, 247.40, 15, 12603.00, 0.00, 0.00, '', '', 1, '', 0, 0.00, 49.90, 4, 0),
(217, 23, 0, 95, 0, '2022-10-12 22:00:00', 679, 81, 'groszek', 1061.00, 326.30, 18, 40657.00, 1402.00, 0.00, '', '', 1, '', 0, 0.00, 106.10, 4, 0),
(218, 23, 0, 95, 0, '2022-10-12 22:00:00', 81, 74, 'uzyte opakowania', 368.00, 135.00, 20, 11421.00, 0.00, 0.00, 'prom: z messina do villa san giovanni', '', 1, '', 0, 0.00, 36.80, 4, 0),
(219, 23, 0, 91, 2, '2022-10-12 22:00:00', 74, 70, 'sprzet medyczny', 384.00, 124.80, 5, 17180.00, 0.00, 0.00, '', '', 1, '', 0, 0.00, 38.40, 4, 0),
(220, 23, 0, 93, 0, '2022-10-12 22:00:00', 174, 36, 'gruszki', 1932.00, 635.60, 15, 70505.00, 0.00, 0.00, '', '', 1, '', 0, 0.00, 193.20, 4, 0),
(221, 8, 0, 90, 0, '2022-10-12 22:00:00', 63, 113, 'Użyte opakowania ', 1301.00, 456.80, 20, 35206.00, 901.00, 0.00, '', '', 1, '', 0, 0.00, 130.10, 4, 0),
(222, 8, 0, 91, 0, '2022-10-12 22:00:00', 113, 100, 'Rolki trawy', 1129.00, 361.10, 15, 47501.00, 0.00, 0.00, '', '', 1, '', 0, 0.00, 112.90, 4, 0),
(223, 8, 0, 99, 0, '2022-10-12 22:00:00', 174, 36, 'Gruszki', 1932.00, 770.80, 15, 90927.00, 522.00, 0.00, '', '', 1, '', 0, 0.00, 193.20, 4, 0),
(224, 8, 0, 90, 0, '2022-10-12 22:00:00', 36, 74, 'Cebula', 1697.00, 559.10, 17, 78542.00, 1531.00, 1.80, 'Ups ;<', '', 1, '', 0, 16.97, 169.70, 4, 0),
(225, 8, 0, 90, 0, '2022-10-12 22:00:00', 74, 646, 'Procesory komputerowe ', 2659.00, 817.30, 3, 165402.00, 904.00, 2.00, 'Ups x2 ;< ', '', 1, '', 0, 26.59, 265.90, 4, 0),
(226, 15, 0, 96, 0, '2022-10-12 22:00:00', 27, 40, 'Guma Naturalna', 1505.00, 483.40, 21, 72690.00, 1220.00, 0.00, '', '', 1, '', 0, 0.00, 150.50, 4, 0),
(227, 15, 0, 93, 0, '2022-10-12 22:00:00', 36, 74, 'Cebula', 1700.00, 549.50, 17, 72921.00, 431.00, 2.00, '', '', 1, '', 0, 17.00, 170.00, 4, 0),
(228, 15, 0, 95, 0, '2022-10-12 22:00:00', 74, 646, 'Procesory komputerowe', 2662.00, 863.50, 3, 114838.00, 1000.00, 8.00, 'Bywa i tak :/', '', 1, '', 0, 106.40, 266.20, 4, 0),
(229, 23, 0, 95, 0, '2022-10-12 22:00:00', 88, 712, 'ryz', 545.00, 257.90, 22, 19907.00, 0.00, 0.00, '', '', 1, '', 0, 0.00, 54.50, 4, 0),
(230, 23, 0, 86, 0, '2022-10-12 22:00:00', 712, 713, 'skutery', 59.00, 29.60, 9, 3582.00, 0.00, 0.00, '', '', 1, '', 0, 0.00, 5.90, 4, 0),
(231, 23, 0, 93, 0, '2022-10-12 22:00:00', 648, 190, 'miod', 2663.00, 1010.50, 20, 103906.00, 460.00, 0.00, '', '', 1, '', 0, 0.00, 266.30, 4, 0),
(232, 23, 0, 91, 0, '2022-10-12 22:00:00', 190, 179, 'odziez ochronna', 382.00, 135.30, 20, 12579.00, 0.00, 0.00, '', '', 1, '', 0, 0.00, 38.20, 4, 0),
(233, 18, 0, 91, 0, '2022-10-12 22:00:00', 101, 178, 'Trociny', 1548.00, 612.50, 21, 44984.00, 730.00, 0.00, '', '', 1, '', 0, 0.00, 154.80, 4, 0),
(234, 10, 0, 98, 0, '2022-10-12 22:00:00', 139, 69, 'Suszarki bębnowe', 1350.00, 436.60, 13, 80377.00, 364.00, 0.00, '', '', 1, '', 0, 0.00, 135.00, 4, 0),
(237, 8, 0, 93, 0, '2022-10-12 22:00:00', 648, 190, 'Miód', 2664.00, 1160.90, 20, 126239.00, 232.00, 1.90, 'Eh...', '', 1, '', 0, 26.64, 266.40, 4, 0),
(238, 8, 0, 87, 0, '2022-10-12 22:00:00', 190, 179, 'Odzież ochronna', 383.00, 167.10, 20, 16373.00, 612.00, 0.00, '', '', 1, '', 0, 0.00, 38.30, 4, 0),
(239, 8, 0, 90, 0, '2022-10-12 22:00:00', 108, 93, 'Puste beczki', 1631.00, 536.10, 9, 76570.00, 0.00, 0.00, '', '', 1, '', 0, 0.00, 163.10, 4, 0),
(240, 23, 0, 94, 0, '2022-10-12 22:00:00', 687, 257, 'lawenda', 533.00, 173.00, 8, 15666.00, 0.00, 0.00, '', '', 1, '', 0, 0.00, 53.30, 4, 0),
(241, 23, 0, 90, 0, '2022-10-12 22:00:00', 179, 142, 'maka', 769.00, 226.20, 20, 29164.00, 0.00, 0.00, '', '', 1, '', 0, 0.00, 76.90, 4, 0),
(242, 23, 0, 94, 0, '2022-10-12 22:00:00', 142, 131, 'kostki slomy', 768.00, 265.90, 15, 27386.00, 2104.00, 0.00, '', '', 1, '', 0, 0.00, 76.80, 4, 0),
(243, 18, 0, 95, 0, '2022-10-12 22:00:00', 179, 142, 'Mąka', 783.00, 255.60, 20, 35345.00, 0.00, 0.00, '', '', 1, '', 0, 0.00, 78.30, 4, 0),
(244, 23, 0, 95, 0, '2022-10-12 22:00:00', 131, 679, 'zuzyte akumulatory', 1053.00, 338.20, 17, 35849.00, 0.00, 0.00, '', '', 1, '', 0, 0.00, 105.30, 4, 0),
(245, 23, 0, 95, 0, '2022-10-12 22:00:00', 679, 677, 'zewnetrzne plytki podlogowe', 436.00, 179.10, 20, 15125.00, 0.00, 0.00, '', '', 1, '', 0, 0.00, 43.60, 4, 0),
(246, 18, 0, 96, 0, '2022-10-12 22:00:00', 142, 131, 'kostki słomy', 783.00, 305.10, 15, 32247.00, 1074.00, 0.00, '', '', 1, '', 0, 0.00, 78.30, 4, 0),
(247, 18, 0, 92, 0, '2022-10-12 22:00:00', 131, 679, 'zużyte akumulatory', 1055.00, 366.00, 17, 40930.00, 0.00, 0.00, '', '', 1, '', 0, 0.00, 105.50, 4, 0),
(248, 18, 0, 93, 0, '2022-10-12 22:00:00', 679, 677, 'zewnętrzne płytki podłogowe', 440.00, 182.80, 20, 17425.00, 0.00, 0.00, '', '', 1, '', 0, 0.00, 44.00, 4, 0),
(249, 23, 0, 95, 0, '2022-10-12 22:00:00', 676, 57, 'lemoniada', 1253.00, 380.30, 23, 44100.00, 1085.00, 0.00, '', '', 1, '', 0, 0.00, 125.30, 4, 0),
(250, 23, 0, 96, 2, '2022-10-12 22:00:00', 57, 703, 'felgi ciezarowe', 437.00, 156.50, 12, 14999.00, 0.00, 0.00, '', '', 1, '', 0, 0.00, 43.70, 4, 0),
(251, 15, 0, 94, 0, '2022-10-12 22:00:00', 648, 190, 'Miód', 2665.00, 864.90, 20, 127746.00, 592.00, 0.00, '', '', 1, '', 0, 0.00, 266.50, 4, 0),
(252, 15, 0, 90, 0, '2022-10-12 22:00:00', 698, 689, 'Słupki hektometryczne ', 1004.00, 321.70, 12, 47319.00, 0.00, 0.00, '', '', 1, '', 0, 0.00, 100.40, 4, 0),
(253, 18, 0, 92, 0, '2022-10-12 22:00:00', 676, 57, 'Lemoniada', 1251.00, 394.00, 23, 50402.00, 1165.00, 0.00, '', '', 1, '', 0, 0.00, 125.10, 4, 0),
(254, 23, 0, 99, 0, '2022-10-12 22:00:00', 95, 29, 'olej silnikowy', 1565.00, 527.30, 18, 65703.00, 0.00, 0.00, '', '', 1, '', 0, 0.00, 156.50, 4, 0),
(255, 23, 0, 90, 0, '2022-10-12 22:00:00', 93, 96, 'ocet', 457.00, 191.40, 15, 16369.00, 0.00, 0.00, '', '', 1, '', 0, 0.00, 45.70, 4, 0),
(256, 23, 0, 95, 0, '2022-10-12 22:00:00', 96, 154, 'mleko sojowe', 968.00, 385.20, 21, 33761.00, 0.00, 2.00, '', '', 1, '', 0, 9.68, 96.80, 4, 0),
(257, 23, 0, 95, 0, '2022-10-12 22:00:00', 671, 663, 'puste palety', 617.00, 267.00, 22, 19811.00, 0.00, 0.00, '', '', 1, '', 0, 0.00, 61.70, 4, 0),
(258, 23, 0, 91, 0, '2022-10-12 22:00:00', 180, 167, 'zuzyte plastiki', 533.00, 180.40, 9, 13272.00, 0.00, 0.00, '', '', 1, '', 0, 0.00, 53.30, 4, 0),
(259, 8, 1, 96, 0, '2022-10-12 22:00:00', 525, 608, 'Nawóz ', 1471.00, 519.40, 13, 39330.00, 267.00, 0.00, 'Wpisuje taką kasę jak jest w $ od następnej trasy już jest w Euro', '', 1, '', 0, 0.00, 147.10, 12, 0),
(260, 8, 1, 97, 0, '2022-10-12 22:00:00', 608, 554, 'Ubrania', 2151.00, 771.20, 11, 45046.00, 353.00, 0.00, '', '', 1, '', 0, 0.00, 215.10, 12, 0),
(261, 8, 0, 90, 0, '2022-10-12 22:00:00', 108, 47, 'Felgi ciężarowe', 1717.00, 431.10, 12, 77399.00, 681.00, 0.00, '', '', 1, '', 0, 0.00, 171.70, 4, 0),
(262, 8, 0, 91, 0, '2022-10-12 22:00:00', 47, 700, 'Opony', 1567.00, 393.20, 16, 76927.00, 0.00, 0.00, '', '', 1, '', 0, 0.00, 156.70, 4, 0),
(263, 15, 1, 97, 0, '2022-10-12 22:00:00', 525, 608, 'Nawóz', 1464.00, 475.90, 15, 54507.00, 0.00, 0.00, '', '', 1, '', 0, 0.00, 146.40, 12, 0),
(264, 15, 1, 100, 0, '2022-10-12 22:00:00', 608, 554, 'Ubrania', 2151.00, 695.80, 13, 75742.00, 369.00, 0.00, '', '', 1, '', 0, 0.00, 215.10, 12, 0),
(265, 18, 0, 97, 0, '2022-10-12 22:00:00', 95, 29, 'olej silnikowy', 1562.00, 464.50, 18, 77202.00, 715.00, 0.00, 'sorry że tak późno ale wtedy nie działał trucksbook i nie szło sprawdzić trasy', '', 1, '', 0, 0.00, 156.20, 4, 0),
(266, 15, 0, 90, 0, '2022-10-12 22:00:00', 65, 646, 'Materiały wybuchowe', 882.00, 287.20, 12, 41697.00, 1.00, 5.20, 'Fajny ten koszt paliwa xD', '', 1, '', 0, 4.41, 88.20, 4, 0),
(267, 8, 0, 92, 2, '2022-10-12 22:00:00', 700, 704, 'Piwo bezalkoholowe ', 1256.00, 396.50, 22, 54927.00, 917.00, 0.00, '', '', 1, '', 0, 0.00, 125.60, 4, 0),
(268, 8, 0, 93, 2, '2022-10-12 22:00:00', 704, 65, 'Syrop klonowy ', 1537.00, 469.40, 17, 69669.00, 645.00, 0.00, '', '', 1, '', 0, 0.00, 153.70, 4, 0),
(269, 8, 0, 87, 2, '2022-10-12 22:00:00', 65, 646, 'Materiały wybuchowe', 884.00, 306.20, 12, 45067.00, 0.00, 4.80, '', '', 1, '', 0, 22.10, 88.40, 4, 0),
(270, 23, 0, 90, 2, '2022-10-12 22:00:00', 700, 704, 'piwo bezalkoholowe', 1252.00, 370.80, 22, 43632.00, 0.00, 0.00, '', '', 1, '', 0, 0.00, 125.20, 4, 0),
(271, 23, 0, 90, 2, '2022-10-12 22:00:00', 704, 65, 'syrop klonowy', 1537.00, 444.20, 17, 56030.00, 618.00, 0.00, '', '', 1, '', 0, 0.00, 153.70, 4, 0),
(272, 23, 0, 94, 0, '2022-10-12 22:00:00', 65, 646, 'materialy wybuhowe', 886.00, 317.40, 12, 45629.00, 0.00, 0.00, '', '', 1, '', 0, 0.00, 88.60, 4, 0),
(277, 23, 0, 90, 0, '2022-10-12 22:00:00', 656, 107, 'mlode sadzonki', 1595.00, 415.80, 3, 69153.00, 401.00, 0.00, '', '', 1, '', 0, 0.00, 159.50, 4, 0),
(278, 23, 0, 91, 0, '2022-10-12 22:00:00', 107, 162, 'pojemniki do zbierania', 877.00, 261.50, 2, 32717.00, 0.00, 0.00, '', '', 1, '', 0, 0.00, 87.70, 4, 0),
(280, 15, 0, 92, 0, '2022-10-12 22:00:00', 656, 107, 'Młode sadzonki ', 1597.00, 514.80, 3, 79843.00, 397.00, 0.00, '', '', 1, '', 0, 0.00, 159.70, 4, 0),
(281, 15, 0, 90, 0, '2022-10-12 22:00:00', 107, 162, 'Pojemniki do zbierania', 877.00, 293.80, 2, 34294.00, 267.00, 2.60, '', '', 1, '', 0, 13.00, 87.70, 4, 0),
(284, 10, 0, 98, 0, '2022-10-12 22:00:00', 105, 78, 'Procesory komputerowe', 2153.00, 693.80, 3, 144205.00, 372.00, 1.40, '', '', 1, '', 0, 10.77, 215.30, 4, 0),
(286, 10, 0, 96, 0, '2022-10-12 22:00:00', 91, 72, 'Liny Stalowe', 559.00, 180.00, 14, 23936.00, 0.00, 0.00, 'Zanim zapytasz \"czemu ten jeden screen tak wygląda\" to powiem tyle: nawet nie chcesz wiedzieć jak bardzo trzeba sie z tym pierdolić żeby zrobić screena grając na VR...', '', 1, '', 0, 0.00, 55.90, 4, 0),
(287, 10, 0, 98, 0, '2022-10-12 22:00:00', 84, 18, 'Piwo bezalkoholowe', 1086.00, 348.40, 22, 48133.00, 208.00, 0.00, 'tutaj też proszę nie czepiać sie screena bo wszystko widać a robienie screenów na VR to katorga :D', '', 1, '', 0, 0.00, 108.60, 4, 0),
(292, 23, 0, 91, 0, '2022-10-12 22:00:00', 656, 24, 'sprzet medyczny', 1221.00, 357.80, 5, 66712.00, 0.00, 0.00, '', '', 1, '', 0, 0.00, 122.10, 4, 0),
(294, 15, 0, 93, 0, '2022-10-12 22:00:00', 656, 24, 'Sprzet Medyczny', 1191.00, 385.20, 5, 64088.00, 0.00, 3.90, '', '', 1, '', 0, 23.82, 119.10, 4, 0),
(295, 23, 1, 94, 2, '2022-10-12 22:00:00', 631, 507, 'zabawki', 224.00, 85.00, 14, 4516.00, 0.00, 0.00, '', '', 1, '', 0, 0.00, 22.40, 8, 0),
(296, 23, 0, 95, 0, '2022-10-12 22:00:00', 93, 58, 'zelki ´misie´', 632.00, 226.40, 21, 23646.00, 0.00, 0.00, '', '', 1, '', 0, 0.00, 63.20, 4, 0),
(297, 23, 0, 94, 0, '2022-10-12 22:00:00', 58, 164, 'mleko w proszku', 987.00, 376.90, 18, 40155.00, 0.00, 0.00, 'Prom: z nynäshamn do windawa', '', 1, '', 0, 0.00, 98.70, 4, 0),
(298, 23, 0, 94, 0, '2022-10-12 22:00:00', 164, 188, 'drewniane belki', 409.00, 176.20, 22, 14090.00, 0.00, 0.00, '', '', 1, '', 0, 0.00, 40.90, 4, 0),
(300, 23, 0, 91, 0, '2021-07-20 11:00:00', 188, 162, 'Rusztowania', 341.00, 152.90, 22, 12279.00, 0.00, 0.00, '', '', 1, '', 0, 0.00, 34.10, 4, 0),
(301, 23, 1, 95, 0, '2022-10-26 22:00:00', 533, 578, 'sprzet blurowy', 887.00, 398.80, 16, 18327.00, 0.00, 0.00, '', '', 1, '', 0, 0.00, 88.70, 8, 0),
(302, 23, 1, 96, 0, '2022-10-26 22:00:00', 575, 533, 'uzyte opakowania', 451.00, 163.30, 15, 7947.00, 0.00, 0.00, '', '', 1, '', 0, 0.00, 45.10, 8, 0),
(303, 23, 1, 90, 2, '2022-10-26 22:00:00', 560, 567, 'ziemniaki', 310.00, 103.70, 19, 5995.00, 0.00, 0.00, '', '', 1, '', 0, 0.00, 31.00, 12, 0),
(304, 23, 1, 92, 2, '2022-10-26 22:00:00', 566, 572, 'ziemniaki', 421.00, 174.60, 11, 4626.00, 0.00, 0.00, '', '', 1, '', 0, 0.00, 42.10, 12, 0),
(305, 23, 1, 105, 2, '2022-10-26 22:00:00', 560, 564, 'ziemniaki', 218.00, 97.60, 11, 2752.00, 438.00, 0.00, '', '', 1, '', 0, 0.00, 21.80, 12, 0),
(306, 23, 1, 106, 2, '2022-10-26 22:00:00', 560, 564, 'ziemniaki', 220.00, 137.90, 20, 4777.00, 0.00, 1.00, '', '', 1, '', 0, 1.10, 22.00, 12, 0),
(307, 18, 1, 105, 2, '2022-10-26 22:00:00', 560, 564, 'Ziemniaki', 214.00, 106.50, 11, 2648.00, 0.00, 0.00, '', '', 1, '', 0, 0.00, 21.40, 12, 0),
(308, 18, 1, 106, 2, '2022-10-26 22:00:00', 560, 564, 'Ziemniaki', 218.00, 110.90, 20, 4752.00, 0.00, 0.00, '', '', 1, '', 0, 0.00, 21.80, 12, 0),
(309, 18, 1, 105, 2, '2022-10-26 22:00:00', 570, 567, 'The Big Idaho Potato', 222.00, 111.70, 3, 5140.00, 542.00, 1.40, 'myślę że zaliczycie tą trasę z powodu eventu bo wiem że nie mam uprawnien na ta naczepe ', '', 1, '', 0, 1.11, 22.20, 33, 0),
(310, 23, 1, 104, 2, '2022-10-26 22:00:00', 570, 567, 'The big idaho potato', 190.00, 87.20, 3, 5731.00, 0.00, 0.00, '', '', 1, '', 0, 0.00, 19.00, 34, 0),
(311, 23, 0, 94, 0, '2022-10-26 22:00:00', 162, 192, 'korki', 439.00, 143.50, 5, 14040.00, 0.00, 0.00, '', '', 1, '', 0, 0.00, 43.90, 4, 0),
(312, 23, 0, 94, 0, '2022-10-26 22:00:00', 192, 185, 'marchewki', 356.00, 148.90, 16, 14183.00, 0.00, 0.00, '', '', 1, '', 0, 0.00, 35.60, 4, 0),
(313, 23, 0, 94, 0, '2022-10-26 22:00:00', 184, 59, 'zewnetrzne plytki podlogowe', 1002.00, 381.00, 20, 40882.00, 1722.00, 0.00, 'z göteborg do frederikshavn', '', 1, '', 0, 0.00, 100.20, 4, 0),
(315, 23, 0, 96, 0, '2022-10-26 22:00:00', 93, 109, 'ziemniaki', 1440.00, 615.50, 22, 52159.00, 0.00, 0.00, '', '', 1, '', 0, 0.00, 144.00, 4, 0),
(318, 10, 0, 99, 0, '2022-10-26 22:00:00', 18, 440, 'Opony', 1413.00, 452.80, 16, 77053.00, 363.00, 0.00, 'Powtarzam... screeny na VR to masakra...', '', 1, '', 0, 0.00, 141.30, 4, 0),
(319, 23, 0, 95, 0, '2022-10-26 22:00:00', 644, 75, 'czekolada', 2188.00, 957.50, 24, 66662.00, 0.00, 2.80, '', '', 1, '', 0, 12.00, 218.80, 4, 0),
(322, 1, 0, 34, 0, '2022-10-26 22:00:00', 22, 27, 'Testoweee', 2313.00, 43.00, 32, 3.00, 34.00, 34.00, 'ergwwedsgsedgesdsdgsdf', '', 2, 'dgsdgdsgsdgfs ', 0, 0.00, 0.00, 16, 1),
(323, 15, 0, 92, 0, '2022-10-26 22:00:00', 108, 84, 'Czosnek', 1615.00, 521.60, 12, 74297.00, 0.00, 0.00, '', '', 1, '', 0, 0.00, 161.50, 4, 0),
(324, 10, 0, 91, 0, '2022-10-26 22:00:00', 108, 84, 'Czosnek', 1615.00, 520.90, 12, 78374.00, 505.00, 0.00, '', '', 1, '', 0, 0.00, 161.50, 4, 0),
(325, 10, 0, 90, 0, '2022-10-26 22:00:00', 84, 81, 'Materiały wybuchowe', 861.00, 277.30, 12, 62120.00, 0.00, 0.00, '', '', 1, '', 0, 0.00, 86.10, 4, 0),
(326, 8, 1, 101, 0, '2022-10-26 22:00:00', 554, 568, 'Granulowany pokarm dla zwierząt ', 1727.00, 739.40, 24, 18397.00, 311.00, 0.00, '', '', 1, '', 0, 0.00, 172.70, 8, 0),
(327, 8, 1, 99, 2, '2022-10-26 22:00:00', 568, 572, 'the Big Idaho Potato', 645.00, 270.80, 3, 21085.00, 403.00, 0.00, '', '', 1, '', 0, 0.00, 64.50, 33, 0),
(328, 8, 0, 90, 0, '2022-10-26 22:00:00', 108, 84, 'Czosnek', 1615.00, 613.10, 12, 78374.00, 0.00, 0.00, '', '', 1, '', 0, 0.00, 161.50, 4, 0),
(329, 8, 0, 90, 0, '2022-10-26 22:00:00', 84, 81, 'Materiały wybuchowe', 869.00, 322.70, 12, 62120.00, 0.00, 0.00, '', '', 1, '', 0, 0.00, 86.90, 4, 0),
(332, 18, 1, 111, 2, '2022-10-26 22:00:00', 562, 513, 'Ziemniaki', 1653.00, 842.50, 19, 35227.00, 376.00, 1.30, '', '', 1, '', 0, 8.26, 165.30, 12, 0),
(335, 15, 0, 91, 0, '2022-10-26 22:00:00', 108, 123, 'Filtry oleju', 1440.00, 463.30, 12, 71518.00, 0.00, 1.90, '', '', 1, '', 0, 14.40, 144.00, 4, 0),
(336, 15, 0, 94, 0, '2022-10-26 22:00:00', 123, 95, 'Jabłka', 1450.00, 468.30, 20, 63984.00, 0.00, 0.00, 'Prom - Felixstowe->Rotterdam ', '', 1, '', 0, 0.00, 145.00, 4, 0),
(337, 8, 0, 90, 0, '2022-10-26 22:00:00', 108, 123, 'Filtry oleju', 1439.00, 498.80, 12, 80946.00, 586.00, 0.00, '', '', 1, '', 0, 0.00, 143.90, 4, 0),
(338, 8, 0, 92, 0, '2022-10-26 22:00:00', 123, 95, 'Jabłka', 1447.00, 525.80, 20, 67290.00, 0.00, 0.00, 'Felixstowe->Rotterdam', '', 1, '', 0, 0.00, 144.70, 4, 0),
(340, 23, 0, 91, 0, '2022-10-26 22:00:00', 123, 95, 'jablka', 1202.00, 352.60, 20, 54498.00, 0.00, 0.00, '', '', 1, '', 0, 0.00, 120.20, 4, 0),
(341, 23, 0, 95, 0, '2022-10-26 22:00:00', 108, 123, 'filtry oleju', 1438.00, 356.60, 12, 66977.00, 1138.00, 0.00, '', '', 1, '', 0, 0.00, 143.80, 4, 0),
(343, 23, 0, 95, 0, '2022-10-26 22:00:00', 145, 440, 'trociny', 2672.00, 778.70, 21, 105607.00, 1468.00, 0.00, '', '', 1, '', 0, 0.00, 267.20, 4, 0),
(344, 8, 0, 87, 2, '2022-10-26 22:00:00', 95, 145, 'Żelki \"misie\"', 425.00, 209.40, 21, 17093.00, 1560.00, 0.00, '', '', 1, '', 0, 0.00, 42.50, 4, 0),
(345, 8, 0, 93, 2, '2022-10-26 22:00:00', 145, 697, 'Kable elektryczne', 3558.00, 1082.50, 15, 156958.00, 780.00, 0.00, '', '', 1, '', 0, 0.00, 355.80, 4, 0),
(346, 15, 0, 92, 2, '2022-10-26 22:00:00', 95, 145, 'Żelki \"misie\"', 425.00, 138.30, 21, 17093.00, 0.00, 0.00, '', '', 1, '', 0, 0.00, 42.50, 4, 0),
(347, 10, 0, 95, 0, '2022-10-26 22:00:00', 24, 108, 'Wełna owcza', 781.00, 254.00, 13, 31108.00, 440.00, 0.00, '', '', 1, '', 0, 0.00, 78.10, 4, 0),
(348, 18, 1, 105, 2, '2022-10-26 22:00:00', 566, 590, 'Ziemniaki', 1620.00, 810.40, 20, 31738.00, 489.00, 3.00, '', '', 1, '', 0, 24.30, 162.00, 12, 0),
(349, 18, 1, 106, 2, '2022-10-26 22:00:00', 613, 631, 'Ziemniaki', 1568.00, 775.30, 20, 34026.00, 0.00, 1.10, '', '', 1, '', 0, 7.84, 156.80, 12, 0),
(350, 8, 0, 90, 2, '2022-10-26 22:00:00', 664, 106, 'Puste beczki', 1068.00, 473.10, 9, 42193.00, 695.00, 0.00, '', '', 1, '', 0, 0.00, 106.80, 4, 0),
(351, 8, 0, 90, 2, '2022-10-26 22:00:00', 106, 110, 'Elektronika', 133.00, 68.80, 8, 7201.00, 0.00, 0.00, '', '', 1, '', 0, 0.00, 13.30, 4, 0),
(352, 8, 0, 90, 2, '2022-10-26 22:00:00', 110, 142, 'Mleko sojowe', 628.00, 352.20, 21, 47975.00, 542.00, 0.00, '', '', 1, '', 0, 0.00, 62.80, 4, 0),
(353, 8, 0, 94, 0, '2022-10-26 22:00:00', 142, 698, 'Pudełka polistyrenowe', 4273.00, 1109.70, 3, 146116.00, 1187.00, 0.00, '', '', 1, '', 0, 0.00, 427.30, 4, 0),
(354, 23, 0, 94, 0, '2022-10-26 22:00:00', 153, 146, 'uzyte opakowania', 598.00, 216.70, 20, 17514.00, 0.00, 0.00, '', '', 1, '', 0, 0.00, 59.80, 4, 0),
(358, 8, 0, 67, 2, '2022-10-26 22:00:00', 716, 22, 'Żelki ', 6876.00, 897.00, 7, 567575.00, 4447.00, 0.00, '', '', 2, 'testy', 0, 0.00, 0.00, 38, 0),
(360, 23, 0, 91, 0, '2022-10-26 22:00:00', 185, 241, 'puste beczki', 532.00, 139.30, 9, 17631.00, 0.00, 0.00, '', '', 1, '', 0, 0.00, 53.20, 4, 0),
(361, 23, 0, 95, 0, '2022-10-26 22:00:00', 95, 396, 'motocykle', 1217.00, 496.10, 15, 86564.00, 0.00, 0.00, '', '', 1, '', 0, 0.00, 121.70, 4, 0),
(362, 8, 0, 98, 0, '2022-10-26 22:00:00', 698, 107, 'Czekolada', 3698.00, 1260.10, 24, 185248.00, 1077.00, 0.00, 'Było widać że się wczytywałem bo był problem z ustawieniami i musiałem je robić od nowa bo coś mi się wysrało. Pozdrawiam ', '', 1, '', 0, 0.00, 369.80, 4, 0),
(363, 8, 0, 96, 0, '2022-10-26 22:00:00', 111, 157, 'Kalafiory ', 1132.00, 634.50, 9, 42222.00, 882.00, 0.00, '', '', 1, '', 0, 0.00, 113.20, 4, 0),
(364, 23, 0, 90, 2, '2022-10-26 22:00:00', 698, 40, 'kable elektryczne', 1897.00, 599.10, 15, 67698.00, 891.00, 0.00, '', '', 1, '', 0, 0.00, 189.70, 4, 0),
(366, 8, 0, 95, 0, '2022-10-26 22:00:00', 40, 24, 'Oliwki', 1561.00, 521.70, 18, 78632.00, 0.00, 0.00, '', '', 1, '', 0, 0.00, 156.10, 8, 0),
(367, 23, 0, 93, 2, '2022-10-26 22:00:00', 50, 450, 'korki', 1498.00, 387.00, 5, 54286.00, 0.00, 0.00, '', '', 1, '', 0, 0.00, 149.80, 4, 0),
(368, 8, 0, 92, 2, '2022-10-26 22:00:00', 50, 450, 'Korki', 1499.00, 481.60, 5, 66106.00, 998.00, 0.00, '', '', 1, '', 0, 0.00, 149.90, 4, 0),
(369, 8, 0, 90, 0, '2022-10-26 22:00:00', 450, 130, 'Ziemniaki', 1843.00, 801.00, 22, 86349.00, 0.00, 1.60, '', '', 1, '', 0, 18.43, 184.30, 4, 0),
(370, 15, 0, 94, 2, '2022-10-26 22:00:00', 50, 450, 'Korki', 1498.00, 482.00, 5, 66106.00, 1879.00, 0.00, '', '', 1, '', 0, 0.00, 149.80, 4, 0),
(371, 15, 0, 93, 0, '2022-10-26 22:00:00', 450, 130, 'Ziemniaki', 1846.00, 593.20, 22, 92284.00, 608.00, 0.00, '', '', 1, '', 0, 0.00, 184.60, 4, 0),
(372, 23, 0, 90, 0, '2022-10-26 22:00:00', 1, 75, 'zuzyte plastiki', 1161.00, 317.50, 9, 30855.00, 855.00, 0.00, '', '', 1, '', 0, 0.00, 116.10, 4, 0),
(373, 8, 0, 91, 0, '2022-10-26 22:00:00', 1, 75, 'Zużyte plastiki', 1160.00, 370.30, 9, 37698.00, 1271.00, 0.00, '', '', 1, '', 0, 0.00, 116.00, 4, 0),
(374, 15, 0, 91, 0, '2022-10-26 22:00:00', 1, 75, 'Zużyte plastiki', 1159.00, 373.80, 9, 37698.00, 917.00, 0.00, '', '', 1, '', 0, 0.00, 115.90, 4, 0),
(375, 23, 0, 93, 2, '2022-10-26 22:00:00', 70, 90, 'sol i przyprawy', 828.00, 282.80, 16, 26744.00, 0.00, 0.00, '', '', 1, '', 0, 0.00, 82.80, 4, 0),
(376, 15, 0, 95, 0, '2022-10-26 22:00:00', 108, 669, 'Trociny', 1099.00, 354.60, 21, 55963.00, 0.00, 0.00, '', '', 1, '', 0, 0.00, 109.90, 4, 0),
(377, 23, 0, 92, 0, '2022-10-26 22:00:00', 75, 58, 'skrzynie biegow', 1783.00, 536.70, 14, 108304.00, 0.00, 0.00, '', '', 1, '', 0, 0.00, 178.30, 4, 0),
(378, 23, 0, 97, 0, '2022-10-26 22:00:00', 108, 669, 'trociny', 1099.00, 438.60, 21, 46309.00, 0.00, 0.00, '', '', 1, '', 0, 0.00, 109.90, 4, 0),
(379, 8, 0, 90, 0, '2022-10-26 22:00:00', 75, 58, 'Skrzynie biegów', 1791.00, 552.90, 14, 126292.00, 868.00, 0.00, '', '', 1, '', 0, 0.00, 179.10, 4, 0),
(380, 8, 0, 95, 0, '2022-10-26 22:00:00', 58, 33, 'Wełna owcza', 1250.00, 377.00, 13, 51749.00, 0.00, 0.00, '', '', 1, '', 0, 0.00, 125.00, 4, 0),
(381, 15, 0, 94, 0, '2022-10-26 22:00:00', 75, 58, 'Skrzynie biegów', 1782.00, 574.10, 14, 126292.00, 381.00, 0.00, '', '', 1, '', 0, 0.00, 178.20, 4, 0),
(382, 15, 0, 95, 0, '2022-10-26 22:00:00', 58, 33, 'Wełna owcza', 1249.00, 401.00, 13, 51749.00, 0.00, 0.00, '', '', 1, '', 0, 0.00, 124.90, 4, 0),
(383, 10, 0, 93, 0, '2022-10-26 22:00:00', 75, 58, 'Skrzynie Biegów', 1786.00, 674.00, 14, 121106.00, 762.00, 1.00, '', '', 2, 'Wykorzystane paliwo do poprawki.', 1, 0.00, 0.00, 4, 0),
(384, 10, 0, 95, 0, '2022-10-26 22:00:00', 58, 33, 'Wełna owcza', 1249.00, 403.20, 13, 51749.00, 0.00, 0.00, '', '', 1, '', 0, 0.00, 124.90, 4, 0),
(385, 10, 0, 97, 0, '2022-10-26 22:00:00', 672, 654, 'Dachówki', 1069.00, 348.10, 20, 54444.00, 1096.00, 0.00, '', '', 1, '', 0, 0.00, 106.90, 4, 0),
(386, 23, 0, 93, 0, '2022-10-26 22:00:00', 237, 165, 'felgi ciezarowe', 1015.00, 362.90, 12, 32554.00, 0.00, 0.00, '', '', 1, '', 0, 0.00, 101.50, 4, 1),
(387, 18, 1, 111, 2, '2022-10-26 22:00:00', 518, 752, 'Nawóz', 1730.00, 854.80, 16, 50818.00, 741.00, 0.00, 'brak miast z nowego dlc Wyoming\r\nkoniec trasy w Jackson w Wyoming', '', 1, '', 0, 0.00, 173.00, 8, 0),
(388, 18, 1, 105, 2, '2022-10-26 22:00:00', 752, 759, 'Użyte opakowania', 695.00, 345.60, 17, 13957.00, 588.00, 0.00, 'Trasa z Jackson do Cheyenne w Wyoming\r\nBrak miast z dlc Wyoming', '', 1, '', 0, 0.00, 69.50, 8, 0),
(389, 8, 0, 91, 0, '2022-10-26 22:00:00', 440, 324, 'Puste butelki po winie', 2402.00, 942.00, 13, 128732.00, 1595.00, 0.00, '', '', 1, '', 0, 0.00, 360.30, 8, 1),
(390, 18, 1, 106, 2, '2022-10-26 22:00:00', 759, 755, 'papier', 584.00, 289.90, 14, 12717.00, 530.00, 0.00, '', '', 1, '', 0, 0.00, 58.40, 8, 0),
(391, 18, 1, 106, 2, '2022-10-26 22:00:00', 757, 754, 'puste palety', 169.00, 85.00, 21, 2859.00, 0.00, 0.00, '', '', 1, '', 0, 0.00, 16.90, 8, 0),
(392, 18, 1, 127, 0, '2022-10-26 22:00:00', 759, 753, 'papier', 473.00, 234.80, 14, 10558.00, 0.00, 1.80, '', '', 1, '', 0, 4.73, 47.30, 8, 0),
(394, 8, 0, 91, 0, '2022-10-26 22:00:00', 95, 175, 'Trociny', 1040.00, 502.20, 21, 56739.00, 0.00, 0.00, '', '', 1, '', 0, 0.00, 156.00, 4, 0),
(395, 10, 0, 85, 0, '2022-10-26 22:00:00', 95, 175, 'Trociny', 1039.00, 335.20, 21, 56739.00, 0.00, 0.00, '', '', 1, '', 0, 0.00, 155.85, 4, 0),
(396, 8, 0, 91, 0, '2022-10-26 22:00:00', 115, 95, 'Kontener IBC', 1258.00, 455.60, 11, 61678.00, 625.00, 0.00, '', '', 1, '', 0, 0.00, 188.70, 4, 0),
(397, 15, 0, 95, 0, '2022-10-26 22:00:00', 115, 95, 'Kontener IBC', 1256.00, 404.40, 11, 61678.00, 848.00, 0.00, '', '', 1, '', 0, 0.00, 188.40, 4, 0),
(398, 15, 0, 97, 0, '2022-10-26 22:00:00', 95, 175, 'Trociny', 1038.00, 336.60, 21, 56739.00, 0.00, 0.00, '', '', 1, '', 0, 0.00, 155.70, 4, 0),
(399, 10, 0, 94, 0, '2022-10-26 22:00:00', 676, 452, 'Woda butelkowana', 1031.00, 331.60, 24, 46726.00, 0.00, 0.00, '', '', 1, '', 0, 0.00, 154.65, 4, 0),
(400, 8, 0, 94, 0, '2022-10-26 22:00:00', 46, 677, 'Articulated Hauler Volvo A25G', 1728.00, 748.50, 25, 72116.00, 1130.00, 0.00, '', '', 1, '', 0, 0.00, 259.20, 34, 0),
(401, 8, 0, 92, 0, '2022-10-26 22:00:00', 676, 440, 'Sól i przyprawy', 1432.00, 469.00, 12, 45380.00, 0.00, 0.00, 'Szkolenie na nową naczepę by Rozu XD ', '', 1, '', 0, 0.00, 214.80, 24, 0),
(402, 15, 0, 97, 0, '2022-10-26 22:00:00', 46, 677, 'Articulated Hauler Volvo A25G', 1728.00, 560.80, 25, 72116.00, 407.00, 0.00, '', '', 1, '', 0, 0.00, 259.20, 34, 0),
(403, 23, 0, 99, 0, '2022-10-26 22:00:00', 108, 669, 'trociny', 1098.00, 502.90, 21, 46658.00, 0.00, 0.00, '', '', 1, '', 0, 0.00, 164.70, 4, 0),
(404, 18, 0, 97, 0, '2022-10-26 22:00:00', 46, 677, 'Articulated Hauler Volvo A25G', 1576.00, 882.70, 25, 65945.00, 2939.00, 0.00, '', '', 1, '', 0, 0.00, 236.40, 33, 0),
(405, 18, 0, 96, 0, '2022-10-26 22:00:00', 108, 669, 'Trociny', 1100.00, 620.10, 21, 51194.00, 0.00, 0.00, '', '', 1, '', 0, 0.00, 165.00, 4, 0),
(406, 15, 0, 95, 0, '2022-10-26 22:00:00', 108, 669, 'Trociny', 1099.00, 353.90, 21, 55963.00, 629.00, 0.00, '', '', 1, '', 0, 0.00, 164.85, 8, 0),
(407, 23, 0, 90, 0, '2022-10-26 22:00:00', 96, 395, 'uzyte opakowania', 1369.00, 504.20, 20, 37713.00, 0.00, 0.00, '', '', 1, '', 0, 0.00, 205.35, 4, 1),
(408, 23, 0, 96, 0, '2022-10-26 22:00:00', 104, 464, 'cukier', 1007.00, 437.30, 22, 29646.00, 0.00, 0.00, '', '', 1, '', 0, 0.00, 151.05, 4, 1);
INSERT INTO `trasy` (`id`, `kto`, `gra`, `vmax`, `typzlecenia`, `kiedy`, `od`, `do`, `ladunek`, `przejechane`, `spalanie`, `masaladunku`, `zarobek`, `paliwo`, `uszkodzenia`, `komentarz`, `zdj`, `zatwierdz`, `powododrzuc`, `dozwolpoprawke`, `kara`, `wlasnyzarobek`, `naczepa`, `typserwera`) VALUES
(409, 8, 0, 93, 0, '2022-10-26 22:00:00', 93, 464, 'Ocet', 2877.00, 1113.30, 9, 95387.00, 2067.00, 0.00, '', '', 1, '', 0, 0.00, 431.55, 24, 0),
(410, 15, 0, 98, 0, '2022-10-26 22:00:00', 396, 339, 'Trociny', 3256.00, 1049.60, 21, 86824.00, 820.00, 0.00, '', '', 1, '', 0, 0.00, 488.40, 4, 0),
(411, 8, 0, 95, 0, '2022-10-26 22:00:00', 729, 339, 'Zbiorniki z paliwem ', 3256.00, 1113.00, 9, 85912.00, 1271.00, 0.00, '', '', 1, '', 0, 0.00, 488.40, 24, 1),
(413, 30, 0, 83, 0, '2022-10-26 22:00:00', 109, 108, 'ocet', 227.00, 73.20, 15, 10718.00, 768.00, 0.00, '', '', 1, '', 0, 0.00, 22.70, 4, 0),
(414, 30, 0, 91, 2, '2022-10-26 22:00:00', 108, 664, 'odziez ochronna', 1414.00, 454.10, 20, 60107.00, 0.00, 0.00, 'pierwszy screen ciemny ale nic na to nie poradze byla noc ,koszty paliwa pokazuje na TB zero', '', 1, '', 0, 0.00, 141.40, 4, 0),
(415, 30, 0, 97, 0, '2022-10-26 22:00:00', 664, 50, 'kwas borowy', 2178.00, 698.80, 16, 126713.00, 705.00, 0.00, '', '', 1, '', 0, 0.00, 217.80, 4, 0),
(416, 30, 0, 99, 0, '2022-10-26 22:00:00', 392, 678, 'Ryz', 2909.00, 934.20, 22, 140706.00, 1675.00, 0.00, '', '', 1, '', 0, 0.00, 290.90, 4, 1),
(418, 30, 0, 100, 0, '2022-10-26 22:00:00', 678, 167, 'Lemoniada', 3748.00, 1203.60, 23, 195360.00, 727.00, 0.00, '', '', 1, '', 0, 0.00, 374.80, 4, 1),
(419, 30, 0, 100, 0, '2022-10-26 22:00:00', 721, 686, 'Piwo bezalkocholwe', 2681.00, 860.20, 22, 136864.00, 813.00, 0.00, '', '', 1, '', 0, 0.00, 268.10, 4, 1),
(420, 8, 0, 95, 0, '2022-10-26 22:00:00', 113, 426, 'Papy dachowe', 1108.00, 549.70, 19, 43114.00, 1063.00, 0.00, '', '', 1, '', 0, 0.00, 166.20, 4, 1),
(421, 15, 0, 97, 0, '2022-10-26 22:00:00', 345, 113, 'Bazylia', 2082.00, 673.10, 24, 80786.00, 176.00, 0.00, '', '', 1, '', 0, 0.00, 312.30, 4, 1),
(422, 15, 0, 98, 0, '2022-10-26 22:00:00', 113, 426, 'Mąka', 1108.00, 360.70, 20, 43185.00, 709.00, 0.00, '', '', 1, '', 0, 0.00, 166.20, 8, 1),
(423, 31, 0, 95, 1, '2022-10-26 22:00:00', 379, 640, 'Koparka', 5371.00, 1728.20, 8, 209109.00, 1923.00, 1.70, '', '', 1, '', 0, 53.17, 537.10, 34, 1),
(424, 15, 0, 96, 1, '2022-10-26 22:00:00', 379, 640, 'Excavator Volvo EW240E MH', 5377.00, 1733.10, 26, 253930.00, 2148.00, 0.00, '', '', 1, '', 0, 0.00, 806.55, 33, 1),
(425, 8, 0, 90, 1, '2022-10-26 22:00:00', 379, 640, 'Excavator Volvo EW240E MH', 5371.00, 2861.80, 26, 253930.00, 3706.00, 0.00, '', '', 1, '', 0, 0.00, 805.65, 33, 1),
(426, 30, 0, 95, 0, '2022-10-26 22:00:00', 379, 640, 'Excavator Volvo EW240E MH', 5369.00, 1736.30, 26, 253930.00, 2212.00, 0.00, '', '', 1, '', 0, 0.00, 536.90, 33, 1),
(428, 31, 0, 96, 0, '2022-10-26 22:00:00', 661, 357, 'Ciągnik gąsienicowy', 504.00, 162.00, 13, 26477.00, 0.00, 0.00, 'Były 2 promy ale nie da się ich zaznaczyć 1 prom jest jak od Gałacz jedziesz w dół w stronę Konstanci a 2 z Warna do Poti', 'zdjeciatrasy/616c0c35db67d7.32860075.png zdjeciatrasy/616c0c35dd09d2.13210946.png', 1, '', 0, 0.00, 50.40, 34, 1),
(429, 30, 0, 98, 0, '2022-10-26 22:00:00', 640, 698, 'Gasienica', 4861.00, 1567.40, 11, 207719.00, 1683.00, 1.40, '', 'zdjeciatrasy/616c53a4dc6d43.92447195.png zdjeciatrasy/616c53a4de1881.82581005.png', 1, '', 0, 24.30, 486.10, 34, 1),
(430, 15, 0, 96, 1, '2022-10-26 22:00:00', 640, 399, 'Elektronika', 2071.00, 664.30, 8, 106752.00, 571.00, 0.00, '', 'zdjeciatrasy/616d3399ac5337.58245179.png zdjeciatrasy/616d3399ad88e6.23366623.png', 1, '', 0, 0.00, 310.65, 8, 1),
(431, 18, 0, 95, 0, '2022-10-26 22:00:00', 113, 262, 'Akwaria', 1371.00, 605.60, 7, 48336.00, 1082.00, 0.00, '', 'zdjeciatrasy/616d671f1ce0b5.51349121.png zdjeciatrasy/616d671f1f5590.38657297.png', 1, '', 0, 0.00, 205.65, 4, 1),
(432, 18, 0, 96, 0, '2022-10-26 22:00:00', 262, 697, 'Czosnek', 1578.00, 672.30, 12, 55930.00, 0.00, 0.00, '', 'zdjeciatrasy/616d67b3a4d854.73035207.png zdjeciatrasy/616d67b3a57494.44723397.png', 1, '', 0, 0.00, 236.70, 4, 1),
(433, 8, 0, 92, 1, '2022-10-26 22:00:00', 640, 399, 'Acetylen', 2072.00, 765.10, 9, 103953.00, 263.00, 0.00, '', 'zdjeciatrasy/616d682f74d562.62862130.png zdjeciatrasy/616d682f763032.88505291.png', 1, '', 0, 0.00, 310.80, 24, 1),
(434, 23, 0, 90, 0, '2022-10-26 22:00:00', 729, 394, 'wedzone szprotki', 598.00, 217.40, 17, 19185.00, 516.00, 0.00, '', 'zdjeciatrasy/616d6ba2d34365.44375002.png zdjeciatrasy/616d6ba2d68836.40625443.png', 1, '', 0, 0.00, 89.70, 4, 1),
(435, 15, 0, 97, 1, '2022-10-26 22:00:00', 113, 262, 'Akwaria', 1370.00, 439.00, 7, 52696.00, 1595.00, 0.00, '', 'zdjeciatrasy/616d6d243ddba6.19559498.png zdjeciatrasy/616d6d243f8439.35782996.png', 1, '', 0, 0.00, 205.50, 4, 1),
(436, 15, 0, 94, 1, '2022-10-26 22:00:00', 262, 697, 'Elektronika', 1577.00, 505.10, 8, 78446.00, 0.00, 0.00, '', 'zdjeciatrasy/616d6db0652655.36093530.png zdjeciatrasy/616d6db0668e58.89264261.png', 1, '', 0, 0.00, 236.55, 8, 1),
(438, 30, 0, 98, 0, '2022-10-26 22:00:00', 7, 690, 'Miod', 2298.00, 736.40, 20, 102135.00, 841.00, 0.00, '', 'zdjeciatrasy/616dd40b537f41.15242126.png zdjeciatrasy/616dd40b56c7c9.86886917.png', 1, '', 0, 0.00, 229.80, 4, 0),
(439, 30, 0, 96, 0, '2022-10-26 22:00:00', 690, 47, 'Zuzyte plastiki', 1331.00, 426.70, 9, 40890.00, 671.00, 0.00, '', 'zdjeciatrasy/616dd5734f6061.93536654.png zdjeciatrasy/616dd573515288.11677635.png', 1, '', 0, 0.00, 133.10, 4, 0),
(440, 15, 0, 95, 1, '2022-10-26 22:00:00', 315, 414, 'Cukier', 2248.00, 721.00, 22, 82593.00, 1187.00, 0.00, '', 'zdjeciatrasy/616f28e945bac7.08406084.png zdjeciatrasy/616f28e9476c10.68551484.png', 1, '', 0, 0.00, 337.20, 4, 1),
(441, 15, 0, 95, 1, '2022-10-26 22:00:00', 414, 79, 'Cebula', 1401.00, 449.40, 17, 54259.00, 1015.00, 0.00, '', 'zdjeciatrasy/616f5b2f722e56.96048378.png zdjeciatrasy/616f5b2f7341f3.57461704.png', 1, '', 0, 0.00, 210.15, 8, 1),
(443, 15, 0, 94, 1, '2022-10-26 22:00:00', 481, 659, 'Groszek', 1187.00, 380.20, 18, 45018.00, 0.00, 0.00, 'Brak miasta Osmaniye w Turcji lub jestem ślepy i go nie widzę xD', 'zdjeciatrasy/6171ccca1ce318.48585759.png zdjeciatrasy/6171ccca1dde43.64450645.png', 1, '', 0, 0.00, 178.05, 8, 1),
(444, 30, 0, 96, 0, '2022-10-26 22:00:00', 7, 70, 'Swieze ryby', 1711.00, 553.60, 18, 92060.00, 880.00, 0.00, 'Zgoda Avisa na oddanie', 'zdjeciatrasy/61725563034194.94484751.png zdjeciatrasy/61725563046907.11155382.png', 1, '', 0, 0.00, 171.10, 16, 0),
(445, 30, 0, 96, 0, '2022-10-26 22:00:00', 70, 36, 'Swieze ryby', 1580.00, 507.80, 18, 70487.00, 711.00, 0.00, 'Zgoda Avisa na oddanie', 'zdjeciatrasy/617256aa8e0bb7.08691313.png zdjeciatrasy/617256aa8f10f9.98208979.png', 1, '', 0, 0.00, 158.00, 16, 0),
(446, 30, 0, 96, 0, '2022-10-26 22:00:00', 721, 670, 'Swietliki dachowe', 2196.00, 706.20, 5, 98880.00, 0.00, 0.00, 'TB naliczyl 0 za paliwo', 'zdjeciatrasy/6172af7cb2b0f7.65224819.png zdjeciatrasy/6172af7cb47b65.76417989.png', 1, '', 0, 0.00, 219.60, 4, 1),
(447, 8, 0, 94, 1, '2022-10-26 22:00:00', 698, 299, 'Karma dla zwierząt ', 3932.00, 1588.80, 20, 106189.00, 1488.00, 0.00, '', 'zdjeciatrasy/61735abe8e5044.84465046.png zdjeciatrasy/61735abe8f84f5.69252654.png', 1, '', 0, 0.00, 589.80, 8, 1),
(448, 8, 0, 94, 1, '2022-10-26 22:00:00', 299, 423, 'Procesory komputerowe ', 2356.00, 871.80, 3, 133992.00, 2036.00, 0.00, '', 'zdjeciatrasy/61735b875e2084.54830805.png zdjeciatrasy/61735b875e6824.25167123.png', 1, '', 0, 0.00, 353.40, 4, 1),
(449, 15, 0, 90, 1, '2022-10-26 22:00:00', 698, 299, 'Karma dla zwierząt', 3924.00, 1262.70, 20, 106189.00, 1650.00, 0.00, '', 'zdjeciatrasy/617404afb5cee4.52572985.png zdjeciatrasy/617404afb7b521.22764618.png', 1, '', 0, 0.00, 588.60, 8, 1),
(450, 15, 0, 96, 1, '2022-10-26 22:00:00', 299, 423, 'Procesory komputerowe', 2354.00, 756.30, 3, 133992.00, 1571.00, 0.00, '', 'zdjeciatrasy/61740540f08f89.65342066.png zdjeciatrasy/61740540f23624.58461317.png', 1, '', 0, 0.00, 353.10, 4, 1),
(452, 8, 0, 90, 0, '2022-10-26 22:00:00', 108, 364, 'Plastikowe rolki filmowe ', 1108.00, 486.70, 11, 32385.00, 0.00, 0.00, '', 'zdjeciatrasy/617467c3e713d1.77617220.png zdjeciatrasy/617467c3e87283.48589707.png', 1, '', 0, 0.00, 166.20, 24, 1),
(453, 8, 0, 110, 1, '2022-10-26 22:00:00', 104, 121, 'Zużyte plastyki', 1630.00, 700.00, 7, 36426.00, 863.00, 0.00, 'Trasa Konwojowa ', 'zdjeciatrasy/61746861d76af9.95398662.png zdjeciatrasy/61746861d845c0.35499770.png', 1, '', 0, 0.00, 244.50, 24, 1),
(454, 30, 0, 110, 1, '2022-10-26 22:00:00', 104, 121, 'Zuzyte plastiki', 1755.00, 574.90, 7, 36426.00, 783.00, 0.00, '', 'zdjeciatrasy/61746a54419f00.89517432.png zdjeciatrasy/61746a54422099.47471392.png', 1, '', 0, 0.00, 175.50, 24, 1),
(455, 15, 0, 113, 1, '2022-10-26 22:00:00', 104, 121, 'Zużyte plastiki', 1632.00, 534.70, 7, 36426.00, 307.00, 0.00, 'Trasa Konwojowa :3', 'zdjeciatrasy/61748b446e5d86.19064982.png zdjeciatrasy/61748b446f5a15.41758098.png', 1, '', 0, 0.00, 244.80, 24, 1),
(456, 23, 0, 94, 0, '2022-10-26 22:00:00', 395, 400, 'kable elektryczne', 263.00, 95.30, 15, 7829.00, 0.00, 0.00, '', 'zdjeciatrasy/617565f4106063.51897046.png zdjeciatrasy/617565f411bd33.70948741.png', 1, '', 0, 0.00, 39.45, 4, 1),
(457, 23, 0, 95, 0, '2022-10-26 22:00:00', 114, 462, 'jablka', 775.00, 293.40, 18, 20123.00, 0.00, 0.00, '', 'zdjeciatrasy/61756638d154a6.51716957.png zdjeciatrasy/61756638d248a0.88535357.png', 2, 'Zły rodzaj napeczy + Brak uprawnień na Podkontenerówkę', 0, 0.00, 0.00, 4, 1),
(458, 15, 0, 92, 1, '2022-10-26 22:00:00', 3, 699, 'Pesto', 1547.00, 496.50, 15, 67088.00, 302.00, 0.00, '', 'zdjeciatrasy/617604a7590815.63995164.png zdjeciatrasy/617604a759f079.79338444.png', 1, '', 0, 0.00, 232.05, 8, 1),
(459, 15, 0, 89, 1, '2022-10-26 22:00:00', 699, 21, 'Woda butelkowana', 1361.00, 436.60, 24, 55205.00, 0.00, 0.00, '', 'zdjeciatrasy/6176053f389d10.33486749.png zdjeciatrasy/6176053f3a7125.74919221.png', 1, '', 0, 0.00, 204.15, 8, 1),
(460, 15, 0, 90, 1, '2022-10-26 22:00:00', 152, 144, 'Thrustmaster T248 Steering Wheels', 572.00, 183.60, 9, 24133.00, 797.00, 0.00, '', 'zdjeciatrasy/6176da493d9c22.70698393.png zdjeciatrasy/6176da493ed7a2.81485848.png', 1, '', 0, 0.00, 85.80, 4, 1),
(461, 30, 0, 90, 2, '2022-10-26 22:00:00', 109, 156, 'Thrustmaster T248 Steering Wheels', 1197.00, 386.50, 9, 52280.00, -57240.00, 0.00, '', 'zdjeciatrasy/6177d8387c0cf4.06057091.png zdjeciatrasy/6177d8387d5991.57032103.png', 1, '', 0, 0.00, 119.70, 4, 1),
(462, 30, 0, 90, 2, '2022-10-26 22:00:00', 156, 91, 'Thrustmaster T248 Steering Wheels', 1606.00, 514.80, 9, 71702.00, 621.00, 0.00, '', 'zdjeciatrasy/6177f09399c127.14887664.png zdjeciatrasy/6177f0939b3a35.61211467.png', 1, '', 0, 0.00, 160.60, 4, 0),
(463, 30, 0, 90, 2, '2022-10-26 22:00:00', 109, 106, 'Thrustmaster T248 Steering Wheels', 589.00, 190.00, 9, 24753.00, 495.00, 0.00, '', 'zdjeciatrasy/6178180b95cbc4.50692318.png zdjeciatrasy/6178180b96e4e9.58202585.png', 1, '', 0, 0.00, 58.90, 4, 1),
(464, 30, 0, 97, 0, '2022-10-26 22:00:00', 106, 705, 'Puste beczki', 3477.00, 1124.00, 9, 151356.00, 1533.00, 0.00, '', 'zdjeciatrasy/61797035a56864.06737822.png zdjeciatrasy/61797035a6c816.09929422.png', 1, '', 0, 0.00, 347.70, 4, 1),
(465, 8, 0, 92, 0, '2022-10-26 22:00:00', 743, 199, 'Ocet', 2651.00, 1349.10, 15, 133135.00, 1182.00, 0.00, '', 'zdjeciatrasy/6179d2ee7355d8.22864760.png zdjeciatrasy/6179d2ee73e956.97488634.png', 1, '', 0, 0.00, 397.65, 4, 0),
(466, 30, 0, 94, 1, '2022-10-26 22:00:00', 406, 199, 'Ocet', 2651.00, 871.70, 15, 133135.00, 739.00, 0.00, '', 'zdjeciatrasy/6179d3a528cc65.42514873.png zdjeciatrasy/6179d3a52aa6e2.54155922.png', 1, '', 0, 0.00, 265.10, 4, 0),
(467, 15, 0, 90, 0, '2022-10-26 22:00:00', 743, 199, 'Ocet', 2647.00, 857.50, 15, 133135.00, 1585.00, 0.00, '', 'zdjeciatrasy/6179dd57d9a1a4.85320395.png zdjeciatrasy/6179dd57db5fd3.51827207.png', 1, '', 0, 0.00, 397.05, 4, 0),
(468, 18, 0, 95, 0, '2022-10-26 22:00:00', 406, 199, 'Ocet', 2659.00, 943.40, 15, 123413.00, 468.00, 0.00, 'brak drugiego promu, wiec zaznaczam tylko jeden ', 'zdjeciatrasy/617a8b951c7190.79992184.png zdjeciatrasy/617a8b951df979.53924069.png', 1, '', 0, 0.00, 398.85, 4, 0),
(469, 18, 1, 126, 0, '2022-10-26 22:00:00', 511, 759, 'Mleko w proszku', 1247.00, 614.70, 18, 31183.00, 474.00, 0.00, '', 'zdjeciatrasy/617a8c4738b9f0.05564348.png zdjeciatrasy/617a8c4739ba99.62243193.png', 1, '', 0, 0.00, 187.05, 8, 0),
(470, 30, 0, 91, 0, '2022-10-26 22:00:00', 111, 47, 'Maslo orzechowe', 1744.00, 562.80, 19, 72938.00, 847.00, 0.00, '', 'zdjeciatrasy/617aafd9039c33.66162409.png zdjeciatrasy/617aafd9051046.71187921.png', 1, '', 0, 0.00, 174.40, 4, 0),
(471, 8, 1, 102, 0, '2022-10-26 22:00:00', 535, 752, 'Thrustmaster T248 Steering Wheels', 1583.00, 634.20, 8, 36173.00, 314.00, 0.00, '', 'zdjeciatrasy/617b1200997e64.37445627.png zdjeciatrasy/617b12009acf92.20898414.png', 1, '', 0, 0.00, 237.45, 8, 0),
(472, 18, 0, 99, 0, '2022-10-26 22:00:00', 199, 706, 'Fasola', 5565.00, 1651.10, 12, 206566.00, 2812.00, 1.20, 'nie zaznaczyłem promów bo ich nie ma na liście \r\n1. Longyearbyen- Kirkenes\r\n2. Rodbyharn- Puttgarden', 'zdjeciatrasy/617bca4d13ea45.02993015.png zdjeciatrasy/617bca4d150c01.38952822.png', 1, '', 0, 41.74, 834.75, 4, 0),
(473, 31, 0, 91, 0, '2022-10-26 22:00:00', 265, 206, 'Miód', 1556.00, 499.10, 20, 70090.00, 0.00, 0.00, 'był jeden prom, którego nie ma na wyszukiwarce ale dam jego screena ', 'zdjeciatrasy/617be09e98c678.44926615.png zdjeciatrasy/617be09e99ffc9.62760412.png zdjeciatrasy/617be09e9a5332.32800424.png zdjeciatrasy/617be09e9b69a9.82473644.png', 1, '', 0, 0.00, 155.60, 4, 0),
(474, 30, 0, 99, 0, '2022-10-26 22:00:00', 109, 715, 'Paluszki rybne', 1975.00, 637.80, 17, 88774.00, 1036.00, 0.00, '', 'zdjeciatrasy/617bff723c6ec4.38524498.png zdjeciatrasy/617bff723e5d55.55951098.png', 1, '', 0, 0.00, 197.50, 16, 1),
(475, 30, 0, 96, 0, '2022-10-26 22:00:00', 715, 664, 'Wedzone wegorze', 2345.00, 755.20, 11, 102883.00, 0.00, 0.00, 'koszty paliwa 0 na TB', 'zdjeciatrasy/617c0198b6ac01.55576980.png zdjeciatrasy/617c0198b89999.63688705.png', 1, '', 0, 0.00, 234.50, 16, 1),
(476, 31, 0, 92, 0, '2022-10-26 22:00:00', 199, 698, 'Wełna owcza', 5632.00, 1816.70, 13, 230672.00, 2991.00, 0.00, 'był ten prom z longyearbyen do kirkenes ale ja go dalej na systemie nie mogę znaleść', 'zdjeciatrasy/617c6fd618e3d7.03038726.png zdjeciatrasy/617c6fd61b1766.98466251.png', 1, '', 0, 0.00, 563.20, 4, 0),
(477, 30, 0, 91, 0, '2022-10-26 22:00:00', 199, 698, 'Welna owcza', 5644.00, 1838.70, 13, 256566.00, 1984.00, 0.00, 'promu niema w spisie', 'zdjeciatrasy/617c76a82581c4.91344098.png zdjeciatrasy/617c76a8276199.47106158.png', 1, '', 0, 0.00, 564.40, 4, 0),
(478, 8, 1, 99, 2, '2022-10-26 22:00:00', 752, 757, 'Thrustmaster T248 Steering Wheels', 446.00, 171.70, 8, 10240.00, 0.00, 0.00, '', 'zdjeciatrasy/617c84aa1e80c6.94353525.png zdjeciatrasy/617c84aa209cb7.13981874.png', 1, '', 0, 0.00, 66.90, 8, 0),
(479, 8, 1, 98, 2, '2022-10-26 22:00:00', 757, 751, 'Nawóz ', 674.00, 226.60, 8, 7729.00, 645.00, 0.00, '', 'zdjeciatrasy/617c8534a80b84.59739868.png zdjeciatrasy/617c8534a9c632.84628284.png', 1, '', 0, 0.00, 101.10, 8, 0),
(480, 8, 1, 93, 2, '2022-10-26 22:00:00', 751, 759, 'Żywe bydło', 561.00, 239.70, 15, 18615.00, 0.00, 0.00, '', 'zdjeciatrasy/617c85b0b126d4.16011871.png zdjeciatrasy/617c85b0b337a2.33466807.png', 1, '', 0, 0.00, 84.15, 38, 0),
(481, 8, 1, 97, 2, '2022-10-26 22:00:00', 759, 753, 'Thrustmaster T248 Steering Wheels', 494.00, 201.90, 8, 10688.00, 0.00, 0.00, '', 'zdjeciatrasy/617c86277b2357.08394637.png zdjeciatrasy/617c86277bdfb3.61470323.png', 1, '', 0, 0.00, 74.10, 8, 0),
(482, 8, 0, 90, 0, '2022-10-26 22:00:00', 199, 698, 'Wełna owcza', 5633.00, 2029.10, 13, 256566.00, 2799.00, 0.00, 'Brak promu jak będzie poprawię', 'zdjeciatrasy/617c872e8e6c78.05753882.png zdjeciatrasy/617c872e8f93e1.27788022.png', 1, '', 0, 0.00, 844.95, 4, 0),
(483, 18, 0, 94, 0, '2022-10-26 22:00:00', 199, 698, 'welna owcza', 5851.00, 2213.30, 13, 239466.00, 4140.00, 0.00, '', 'zdjeciatrasy/617cf13705ea27.39011670.png zdjeciatrasy/617cf137078983.40852665.png', 1, '', 0, 0.00, 877.65, 4, 0),
(484, 30, 0, 96, 0, '2022-10-26 22:00:00', 109, 80, 'Mrozony morszczuk', 1912.00, 613.70, 17, 89364.00, 1436.00, 0.00, '', 'zdjeciatrasy/617d43843392f5.34481094.png zdjeciatrasy/617d4384357763.09381233.png', 1, '', 0, 0.00, 191.20, 16, 0),
(485, 30, 0, 97, 0, '2022-10-26 22:00:00', 80, 38, 'Kwiaty doniczkowe', 1973.00, 634.60, 3, 101139.00, 699.00, 0.00, '', 'zdjeciatrasy/617d6d0dd3ba97.55383910.png zdjeciatrasy/617d6d0dd505f2.71289429.png', 1, '', 0, 0.00, 197.30, 16, 1),
(486, 30, 0, 98, 0, '2022-10-26 22:00:00', 38, 65, 'Filety z lososia', 2234.00, 719.70, 14, 102637.00, 1027.00, 0.00, '', 'zdjeciatrasy/617d92e61da174.12479359.png zdjeciatrasy/617d92e61f14f3.62990027.png', 1, '', 0, 0.00, 223.40, 16, 1),
(487, 31, 0, 97, 0, '2022-10-26 22:00:00', 130, 21, 'Sól i przyprawy', 937.00, 301.00, 16, 34617.00, 183.00, 0.00, '', 'zdjeciatrasy/617d9575622527.06799480.png zdjeciatrasy/617d9575637cf8.55934024.png', 1, '', 0, 0.00, 93.70, 4, 1),
(488, 31, 0, 90, 0, '2022-10-26 22:00:00', 24, 470, 'Wędzone szprotki', 1207.00, 388.00, 17, 48122.00, 520.00, 0.00, '', 'zdjeciatrasy/617e550a51f5d0.39651864.png zdjeciatrasy/617e550a53b826.41064479.png', 1, '', 0, 0.00, 120.70, 4, 1),
(489, 15, 0, 96, 0, '2022-10-26 22:00:00', 1, 17, 'Puste palety', 507.00, 162.70, 22, 21566.00, 770.00, 0.00, '', 'zdjeciatrasy/617ed1820a08c4.59472798.png zdjeciatrasy/617ed1820acf30.79921852.png', 1, '', 0, 0.00, 76.05, 4, 0),
(490, 31, 0, 90, 1, '2022-10-26 22:00:00', 130, 5, 'Spychacz - Crawl Z35K', 707.00, 227.10, 39, 35835.00, 447.00, 0.00, '', 'zdjeciatrasy/617f21ae002b39.62096610.png zdjeciatrasy/617f21ae00f8b7.19314996.png', 1, '', 0, 0.00, 70.70, 34, 1),
(491, 30, 0, 97, 1, '2022-10-26 22:00:00', 109, 698, 'Guma naturalna', 3104.00, 997.90, 21, 142873.00, 777.00, 0.00, '', 'zdjeciatrasy/618006e1e5ba72.72358637.png zdjeciatrasy/618006e1e763a4.12378079.png', 1, '', 0, 0.00, 310.40, 8, 1),
(492, 30, 0, 96, 1, '2022-10-26 22:00:00', 698, 406, 'Podloze do roslin', 3538.00, 1134.90, 18, 129728.00, 1214.00, 0.00, '', 'zdjeciatrasy/618042ea919094.12481930.png zdjeciatrasy/618042ea9287c7.11948637.png', 1, '', 0, 0.00, 353.80, 8, 1),
(493, 23, 0, 95, 0, '2022-10-26 22:00:00', 107, 69, 'uzyte opakowania', 2034.00, 906.80, 20, 64901.00, 0.00, 0.00, 'do alkarak', 'zdjeciatrasy/6182bccc349e69.66346521.png zdjeciatrasy/6182bccc360158.49728223.png', 1, '', 0, 0.00, 305.10, 4, 0),
(494, 30, 0, 97, 1, '2022-10-26 22:00:00', 109, 45, 'Pomidory', 971.00, 436.00, 18, 39577.00, 0.00, 0.00, '', 'zdjeciatrasy/6182f8a0e2ab73.54704611.png zdjeciatrasy/6182f8a0e45933.73589406.png', 1, '', 0, 0.00, 97.10, 16, 1),
(495, 8, 1, 94, 2, '2022-10-26 22:00:00', 753, 755, 'Mrożone owoce', 405.00, 166.00, 7, 4238.00, 558.00, 0.00, '', 'zdjeciatrasy/618434c922c8c6.76216840.png zdjeciatrasy/618434c9240111.54284700.png', 1, '', 0, 0.00, 60.75, 16, 0),
(496, 8, 1, 100, 2, '2022-10-26 22:00:00', 755, 754, 'Samochody', 416.00, 166.20, 8, 12242.00, 0.00, 0.00, '', 'zdjeciatrasy/6184352bf2b2f6.41880520.png zdjeciatrasy/6184352c00b0e9.85048689.png', 1, '', 0, 0.00, 62.40, 36, 0),
(497, 8, 1, 96, 2, '2022-10-26 22:00:00', 754, 756, 'Wozidło przegłubowe Volvo A25G', 253.00, 134.00, 25, 7048.00, 0.00, 0.00, '', 'zdjeciatrasy/618435ec811904.54553749.png zdjeciatrasy/618435ec827625.35910456.png', 1, '', 0, 0.00, 37.95, 34, 0),
(498, 8, 1, 95, 2, '2022-10-26 22:00:00', 756, 750, 'Buldożer', 507.00, 211.90, 18, 14617.00, 0.00, 0.00, '', 'zdjeciatrasy/6184365d4266e1.55286537.png zdjeciatrasy/6184365d439142.85170770.png', 1, '', 0, 0.00, 76.05, 34, 0),
(499, 8, 1, 99, 2, '2022-10-26 22:00:00', 758, 572, 'Prefabrykaty domu ', 916.00, 357.00, 16, 18663.00, 560.00, 0.00, '', 'zdjeciatrasy/618436e92a33b5.80152993.png zdjeciatrasy/618436e92b2df7.05581068.png', 1, '', 0, 0.00, 137.40, 20, 0),
(500, 8, 1, 98, 2, '2022-10-26 22:00:00', 572, 578, 'Thrustmaster T248 Steering Wheels', 449.00, 148.20, 8, 10400.00, 0.00, 0.00, '', 'zdjeciatrasy/61843760bb69f7.03909226.png zdjeciatrasy/61843760bcba85.45190250.png', 1, '', 0, 0.00, 67.35, 8, 0),
(501, 8, 1, 97, 2, '2022-10-26 22:00:00', 535, 536, 'Thrustmaster T248 Steering Wheels', 558.00, 203.20, 8, 12789.00, 0.00, 0.00, '', 'zdjeciatrasy/618437ef7f6f13.07978166.png zdjeciatrasy/618437ef816060.11478788.png', 1, '', 0, 0.00, 83.70, 8, 0),
(502, 30, 0, 97, 1, '2022-10-26 22:00:00', 481, 56, 'Cukier', 1998.00, 966.60, 22, 79525.00, 1812.00, 0.00, 'niema miasta w spisie Portugalia miasto Ponte de sor', 'zdjeciatrasy/61845dcf70e908.46947449.png zdjeciatrasy/61845dcf721396.09967323.png', 1, '', 0, 0.00, 199.80, 4, 1),
(503, 32, 0, 89, 2, '2022-10-26 22:00:00', 106, 8, 'Użyte opakowania', 1015.00, 325.20, 20, 33661.00, 0.00, 0.00, '', 'zdjeciatrasy/618460c144aa96.64135229.png zdjeciatrasy/618460c1463ac0.72805509.png', 1, '', 0, 0.00, 101.50, 4, 0),
(504, 23, 0, 94, 0, '2022-10-26 22:00:00', 81, 88, 'olej silnikowy', 1487.00, 554.80, 18, 61032.00, 881.00, 0.00, '', 'zdjeciatrasy/61853cd48889a7.39584269.png zdjeciatrasy/61853cd4897969.97165187.png', 1, '', 0, 0.00, 223.05, 4, 0),
(505, 30, 0, 96, 1, '2022-10-26 22:00:00', 56, 663, 'Czosnek', 2168.00, 941.90, 12, 80385.00, 973.00, 0.00, '', 'zdjeciatrasy/6185b4cd543da5.89319987.png zdjeciatrasy/6185b4cd558374.52172443.png', 1, '', 0, 0.00, 216.80, 4, 1),
(506, 30, 0, 95, 1, '2022-10-26 22:00:00', 663, 188, 'Cebula', 2742.00, 1283.40, 17, 105845.00, 1472.00, 1.20, '', 'zdjeciatrasy/6185b637803ec8.00598940.png zdjeciatrasy/6185b6378246f4.14332851.png', 1, '', 0, 13.71, 274.20, 4, 1),
(507, 30, 0, 99, 1, '2022-10-26 22:00:00', 109, 676, 'Dachowki', 3088.00, 1360.80, 20, 120000.00, 1318.00, 0.00, '', 'zdjeciatrasy/61869434416740.00019932.png zdjeciatrasy/61869434429ca2.45635625.png', 1, '', 0, 0.00, 308.80, 4, 1),
(508, 32, 0, 87, 2, '2022-10-26 22:00:00', 8, 104, 'Puszkowana fasola', 763.00, 229.20, 16, 28113.00, 839.00, 0.00, '', 'zdjeciatrasy/6187117e6d31c9.75082756.png zdjeciatrasy/6187117e72dc70.79645179.png', 1, '', 0, 0.00, 76.30, 8, 0),
(509, 32, 0, 88, 0, '2022-10-26 22:00:00', 110, 660, 'Butelkowana woda', 1054.00, 338.90, 24, 51621.00, 0.00, 0.00, '', 'zdjeciatrasy/61871313010010.69730570.png zdjeciatrasy/6187131304de71.99804108.png', 1, '', 0, 0.00, 105.40, 4, 0),
(510, 32, 0, 90, 0, '2022-10-26 22:00:00', 660, 24, 'Klocki hamulcowe', 865.00, 277.70, 20, 43027.00, 504.00, 0.00, '', 'zdjeciatrasy/6187bc18bb4e05.29553743.png zdjeciatrasy/6187bc18bdb696.31576150.png', 1, '', 0, 0.00, 86.50, 4, 0),
(511, 32, 0, 90, 0, '2022-10-26 22:00:00', 24, 34, 'Paczkowane jedzenie', 1592.00, 510.20, 17, 81050.00, 291.00, 0.00, '', 'zdjeciatrasy/618817711c1fa4.14477218.png zdjeciatrasy/618817711ee461.25970144.png', 1, '', 0, 0.00, 159.20, 4, 0),
(512, 32, 0, 90, 0, '2022-10-26 22:00:00', 110, 82, 'Sprzęt medyczny', 1557.00, 498.80, 5, 94617.00, 572.00, 2.00, 'Uszkodzenie towaru przez Lag', 'zdjeciatrasy/61883b0c6f4c02.25841460.png zdjeciatrasy/61883b0c728781.96572799.png', 1, '', 0, 7.78, 155.70, 4, 0),
(513, 8, 0, 85, 0, '2022-10-26 22:00:00', 109, 373, 'Płyty Warstwowe', 2174.00, 949.20, 20, 160178.00, 1010.00, 2.00, 'Tutaj są Tandemy ale robimy je na obecną chwilę jak firankę. Uprawnienia na firankę są ;) ', 'zdjeciatrasy/618931b5ea4327.94852570.png zdjeciatrasy/618931b5ec4687.88250557.png', 1, '', 0, 32.61, 326.10, 4, 0),
(514, 23, 0, 95, 0, '2022-10-26 22:00:00', 466, 28, 'ryz', 1207.00, 495.50, 20, 44155.00, 0.00, 0.00, 'do busko zdroj', 'zdjeciatrasy/618954ee9b69a2.17052268.png zdjeciatrasy/618954ee9ced99.51679976.png', 1, '', 0, 0.00, 181.05, 5, 0),
(515, 15, 0, 92, 2, '2022-10-26 22:00:00', 102, 154, 'Płyty warstwowe', 1438.00, 467.90, 12, 7204.00, 442.00, 0.00, '', 'zdjeciatrasy/6189794039b868.20880657.png zdjeciatrasy/618979403c0f72.70005011.png', 1, '', 0, 0.00, 215.70, 4, 0),
(516, 30, 1, 122, 0, '2022-10-26 22:00:00', 507, 526, 'Piach', 1751.00, 821.50, 18, 32765.00, 1099.00, 0.00, 'predkosc w milach i koszt paliwa w dolarach', 'zdjeciatrasy/61898439c62926.93028217.png zdjeciatrasy/61898439c886a4.72432246.png', 1, '', 0, 0.00, 175.10, 39, 0),
(517, 30, 0, 93, 0, '2022-10-26 22:00:00', 109, 373, 'Plyty wielowarstwowe', 2176.00, 1018.50, 20, 176570.00, 1642.00, 0.00, '', 'zdjeciatrasy/61898698e7c3d9.31271354.png zdjeciatrasy/61898698ea7322.74229086.png', 1, '', 0, 0.00, 217.60, 5, 0),
(518, 30, 0, 90, 2, '2022-10-26 22:00:00', 102, 154, 'Plyty wielowarstwowe', 1439.00, 598.90, 12, 7204.00, 0.00, 0.00, '', 'zdjeciatrasy/6189881307c4b8.04027153.png zdjeciatrasy/618988130ab3a8.83274192.png', 1, '', 0, 0.00, 143.90, 4, 0),
(519, 8, 0, 90, 0, '2022-10-26 22:00:00', 373, 112, 'Puszkowana kawa mrożona', 1733.00, 956.60, 20, 67204.00, 913.00, 3.70, '', 'zdjeciatrasy/6189bdbd9d8180.96933322.png zdjeciatrasy/6189bdbd9ef567.17487876.png', 1, '', 0, 51.99, 259.95, 4, 0),
(520, 8, 0, 90, 2, '2022-10-26 22:00:00', 102, 154, 'Płyty Warstwowe', 1438.00, 702.30, 12, 7204.00, 0.00, 0.00, '', 'zdjeciatrasy/6189be5f634a25.87911055.png zdjeciatrasy/6189be5f661768.33879094.png', 1, '', 0, 0.00, 215.70, 4, 0),
(521, 8, 0, 90, 0, '2022-10-26 22:00:00', 109, 699, 'Zbiornik z paliwem', 2116.00, 649.80, 9, 105177.00, 0.00, 0.00, '', 'zdjeciatrasy/6189bee9ad91a5.74887069.png zdjeciatrasy/6189bee9b00381.30122775.png', 1, '', 0, 0.00, 317.40, 24, 0),
(522, 8, 0, 90, 0, '2022-10-26 22:00:00', 440, 638, 'Sól i przyprawy', 1342.00, 452.50, 12, 45484.00, 847.00, 0.00, '', 'zdjeciatrasy/6189bf661c9a03.14722443.png zdjeciatrasy/6189bf661eb035.61841035.png', 1, '', 0, 0.00, 201.30, 24, 0),
(523, 32, 0, 93, 0, '2022-10-26 22:00:00', 440, 638, 'Sól i przyprawy', 1339.00, 431.60, 6, 20796.00, 535.00, 0.00, '', 'zdjeciatrasy/6189bfc2404824.97185138.png zdjeciatrasy/6189bfc2436219.53041499.png', 1, '', 0, 0.00, 133.90, 24, 0),
(524, 23, 0, 92, 0, '2022-10-26 22:00:00', 107, 488, 'puste palety', 792.00, 416.40, 20, 22592.00, 0.00, 0.00, '', 'zdjeciatrasy/618a8138ccd1e5.01624231.png zdjeciatrasy/618a8138cdf089.79705952.png', 1, '', 0, 0.00, 118.80, 4, 0),
(525, 23, 0, 94, 0, '2022-10-26 22:00:00', 65, 661, 'olej silnikowy', 839.00, 395.50, 20, 33155.00, 933.00, 0.00, '', 'zdjeciatrasy/618aa2a369ac42.83903024.png zdjeciatrasy/618aa2a36adfc2.12895358.png', 1, '', 0, 0.00, 125.85, 4, 0),
(526, 8, 0, 90, 0, '2022-10-26 22:00:00', 638, 70, 'Felgi ciężarowe', 2296.00, 824.40, 9, 79275.00, 1501.00, 0.00, '', 'zdjeciatrasy/618ae19f5a0312.80052046.png zdjeciatrasy/618ae19f5b0b61.20234488.png', 1, '', 0, 0.00, 344.40, 24, 0),
(527, 8, 0, 90, 0, '2022-10-26 22:00:00', 70, 482, 'Magnez', 2449.00, 936.60, 17, 143413.00, 812.00, 0.00, '', 'zdjeciatrasy/618ae2309d3f07.82517866.png zdjeciatrasy/618ae2309f3555.97056526.png', 1, '', 0, 0.00, 367.35, 24, 0),
(528, 30, 1, 122, 0, '2022-10-26 22:00:00', 526, 620, 'Gips', 2461.00, 1343.40, 18, 36797.00, 1077.00, 0.00, '', 'zdjeciatrasy/618bf0fc1a4803.93655430.png zdjeciatrasy/618bf0fc1b9ec8.23765836.png', 1, '', 0, 0.00, 246.10, 4, 0),
(529, 23, 0, 94, 0, '2022-10-26 22:00:00', 481, 409, 'rusztowania', 1103.00, 547.40, 18, 23687.00, 0.00, 0.00, 'do Mukachevo', 'zdjeciatrasy/618bf8ed2474a6.69142778.png zdjeciatrasy/618bf8ed25caa8.43660176.png', 1, '', 0, 0.00, 165.45, 4, 0),
(530, 8, 0, 91, 0, '2022-10-26 22:00:00', 482, 103, 'Karma dla zwierząt ', 1729.00, 796.00, 11, 55050.00, 1212.00, 0.00, '', 'zdjeciatrasy/618c13ab60a054.19076288.png zdjeciatrasy/618c13ab619c48.42377171.png', 1, '', 0, 0.00, 259.35, 24, 0),
(531, 30, 0, 91, 1, '2022-10-26 22:00:00', 144, 95, 'Ubrania', 1180.00, 440.50, 15, 27541.00, 520.00, 0.00, '', 'zdjeciatrasy/618c13dd91cf73.38777104.png zdjeciatrasy/618c13dd934de8.80582792.png', 1, '', 0, 0.00, 118.00, 4, 0),
(532, 8, 0, 87, 1, '2022-10-26 22:00:00', 144, 95, 'Ubrania', 1165.00, 478.40, 15, 26791.00, 597.00, 0.00, '', 'zdjeciatrasy/618c141f5afc64.55701293.png zdjeciatrasy/618c141f5c2fb8.97051519.png', 1, '', 0, 0.00, 174.75, 4, 0),
(533, 32, 0, 96, 0, '2022-10-26 22:00:00', 638, 643, 'Paczki pocztowe', 2756.00, 887.70, 11, 153704.00, 1282.00, 0.00, '', 'zdjeciatrasy/618c67d1b810b9.06781377.png zdjeciatrasy/618c67d1bb30f0.74725000.png', 1, '', 0, 0.00, 275.60, 4, 0),
(534, 30, 1, 105, 2, '2022-10-26 22:00:00', 759, 560, 'Ziarno', 1219.00, 500.10, 9, 11687.00, 709.00, 0.00, 'zaznaczylem cysterne lecz jechalem z cysternom silosowom niema jej w spisie', 'zdjeciatrasy/618d60bd76d492.66877921.png zdjeciatrasy/618d60bd787a54.90088577.png', 1, '', 0, 0.00, 121.90, 32, 0),
(535, 30, 1, 121, 0, '2022-10-26 22:00:00', 560, 594, 'Granulowany pokarm dla zwierzat', 1885.00, 1055.90, 24, 16643.00, 594.00, 0.00, 'brak w spisie cysterny silosowej\r\n', 'zdjeciatrasy/618d621ac50ea1.42174120.png zdjeciatrasy/618d621ac77087.73410523.png', 1, '', 0, 0.00, 188.50, 32, 0),
(536, 30, 1, 116, 0, '2022-10-26 22:00:00', 594, 518, 'Granulowany pokarm dla zwierzat', 1109.00, 551.90, 20, 8742.00, 425.00, 0.00, 'brak w spisie cysterny silosowej', 'zdjeciatrasy/618d8973237a29.94928980.png zdjeciatrasy/618d89732656c5.48740801.png', 1, '', 0, 0.00, 110.90, 32, 1),
(537, 8, 0, 91, 0, '2022-10-26 22:00:00', 108, 679, 'Zbiorniki paliwa', 2839.00, 1170.20, 10, 137312.00, 0.00, 0.00, '', 'zdjeciatrasy/618dac600da4f3.91806482.png zdjeciatrasy/618dac600e7471.99203470.png', 1, '', 0, 0.00, 425.85, 4, 0),
(538, 30, 1, 101, 1, '2022-10-26 22:00:00', 518, 569, 'Transformator', 2371.00, 1560.20, 56, 64110.00, 1361.00, 0.00, '', 'zdjeciatrasy/618e623db64530.38462935.png zdjeciatrasy/618e623db7dbf0.78153886.png', 1, '', 0, 0.00, 237.10, 33, 1),
(539, 15, 0, 89, 2, '2022-10-26 22:00:00', 95, 58, 'Użyte opakowania', 1314.00, 425.40, 20, 15961.00, 998.00, 0.00, '', 'zdjeciatrasy/618ec8d8d0ead2.61433391.png zdjeciatrasy/618ec8d8d20541.87627906.png', 1, '', 0, 0.00, 197.10, 4, 0),
(540, 8, 0, 95, 2, '2022-10-26 22:00:00', 95, 58, 'Użyte opakowania ', 1318.00, 569.90, 20, 15961.00, 1316.00, 0.00, '', 'zdjeciatrasy/618f10082e75b0.64837040.png zdjeciatrasy/618f10082fd010.27074432.png', 1, '', 0, 0.00, 197.70, 4, 0),
(541, 8, 0, 85, 0, '2022-10-26 22:00:00', 108, 229, 'Plastikowe rolki filmowe ', 2369.00, 724.40, 11, 59354.00, 1197.00, 0.00, '', 'zdjeciatrasy/618f10a28ab6c4.39582522.png zdjeciatrasy/618f10a28be5e7.78071953.png', 1, '', 0, 0.00, 355.35, 24, 0),
(542, 30, 0, 96, 2, '2022-10-26 22:00:00', 95, 58, 'Uzyte opakowania', 1315.00, 541.60, 20, 15961.00, 1286.00, 0.00, '', 'zdjeciatrasy/618fa72732f564.41917321.png zdjeciatrasy/618fa727348e89.47761544.png', 1, '', 0, 0.00, 131.50, 4, 0),
(543, 30, 1, 105, 2, '2022-10-26 22:00:00', 561, 525, 'Dzwig samojezdny', 1719.00, 893.60, 35, 53190.00, 510.00, 0.00, '', 'zdjeciatrasy/618fa8bf0697b2.47702095.png zdjeciatrasy/618fa8bf08e430.46190088.png', 1, '', 0, 0.00, 171.90, 33, 1),
(544, 8, 0, 93, 0, '2022-10-26 22:00:00', 679, 736, 'Kwas Borowy', 2768.00, 974.50, 16, 156745.00, 1568.00, 0.00, '', 'zdjeciatrasy/61903da4dfb602.10408556.png zdjeciatrasy/61903da4e1af21.15523039.png', 1, '', 0, 0.00, 415.20, 4, 0),
(545, 8, 0, 86, 0, '2022-10-26 22:00:00', 217, 58, 'Papier buirowy', 1263.00, 576.60, 18, 6322.00, 0.00, 0.00, '', 'zdjeciatrasy/61903e5c212705.71556637.png zdjeciatrasy/61903e5c244993.28352821.png', 1, '', 0, 0.00, 189.45, 4, 0),
(546, 8, 0, 91, 1, '2022-10-26 22:00:00', 109, 42, 'Chlor', 1723.00, 1028.10, 16, 71845.00, 356.00, 6.60, '', 'zdjeciatrasy/61903ed49aa0f5.72345013.png zdjeciatrasy/61903ed49c1ee5.43163072.png', 1, '', 0, 90.45, 258.45, 24, 0),
(547, 30, 0, 81, 0, '2022-10-26 22:00:00', 109, 42, 'Ladowarka kolowa', 1724.00, 646.60, 15, 95919.00, 219.00, 0.00, '', 'zdjeciatrasy/61904066727f52.14035122.png zdjeciatrasy/619040667478e6.05069678.png', 1, '', 0, 0.00, 172.40, 33, 0),
(548, 31, 0, 95, 0, '2022-10-26 22:00:00', 70, 642, 'Ubrania', 707.00, 348.80, 15, 10784.00, 0.00, 0.00, 'nie wiem jaka naczepa ale chyba firanka bo straciłem profil i teraz biorę szybkie zlecenia', 'zdjeciatrasy/6191013ade4a02.78138604.png zdjeciatrasy/6191013ae02512.51227820.png', 1, '', 0, 0.00, 70.70, 8, 0),
(549, 30, 1, 106, 2, '2022-10-26 22:00:00', 753, 633, 'Kombajn zbozowy', 1686.00, 697.40, 19, 57156.00, 923.00, 0.00, '', 'zdjeciatrasy/619119759dc9d8.08234026.png zdjeciatrasy/619119759f8560.54528650.png', 1, '', 0, 0.00, 168.60, 33, 1),
(550, 30, 1, 106, 2, '2022-10-26 22:00:00', 633, 750, 'Szupala kabla', 2048.00, 1007.50, 16, 40896.00, 385.00, 0.00, '', 'zdjeciatrasy/61911a9f9742b1.91404956.png zdjeciatrasy/61911a9f98ea93.16987162.png', 1, '', 0, 0.00, 204.80, 33, 1),
(551, 30, 1, 108, 2, '2022-10-26 22:00:00', 751, 597, 'Ciezki buldozer', 1755.00, 1022.10, 40, 52094.00, 1119.00, 0.00, '', 'zdjeciatrasy/61918e01bb74f0.45343307.png zdjeciatrasy/61918e01bda9b8.38594770.png', 1, '', 0, 0.00, 175.50, 33, 1),
(552, 30, 1, 106, 2, '2022-10-26 22:00:00', 597, 523, 'Sol', 2119.00, 992.00, 19, 38022.00, 728.00, 0.00, '', 'zdjeciatrasy/61918f4400f8c0.41853212.png zdjeciatrasy/61918f440339e9.99514331.png', 1, '', 0, 0.00, 211.90, 8, 1),
(553, 30, 1, 106, 2, '2022-10-26 22:00:00', 523, 630, 'Mrozone owoce', 2313.00, 1023.20, 12, 40294.00, 859.00, 0.00, '', 'zdjeciatrasy/619191686189c0.96170895.png zdjeciatrasy/619191686370c4.54710727.png', 1, '', 0, 0.00, 231.30, 16, 1),
(554, 8, 0, 93, 0, '2022-10-26 22:00:00', 108, 126, 'Kostki słomy ', 1582.00, 630.90, 15, 62647.00, 680.00, 0.00, '', 'zdjeciatrasy/6191a1d9a53796.37783955.png zdjeciatrasy/6191a1d9a6e145.79540686.png', 1, '', 0, 0.00, 237.30, 4, 0),
(555, 8, 0, 94, 0, '2022-10-26 22:00:00', 126, 444, 'Miód', 1962.00, 941.90, 20, 94603.00, 1493.00, 0.00, '', 'zdjeciatrasy/6191a252841c79.52976077.png zdjeciatrasy/6191a252861a35.36928635.png', 1, '', 0, 0.00, 294.30, 4, 0),
(556, 30, 1, 105, 2, '2022-10-26 22:00:00', 575, 622, 'Komputery', 2014.00, 762.00, 12, 77023.00, 0.00, 0.00, '', 'zdjeciatrasy/6193f85b11ecc8.49655893.png zdjeciatrasy/6193f85b13e2f2.18778354.png', 1, '', 0, 0.00, 201.40, 18, 1),
(557, 30, 1, 105, 2, '2022-10-26 22:00:00', 622, 759, 'Puste palety', 2270.00, 1081.90, 24, 50263.00, 1487.00, 0.00, '', 'zdjeciatrasy/6193f990b1dc90.80554997.png zdjeciatrasy/6193f990b40b39.26383930.png', 1, '', 0, 0.00, 227.00, 18, 1),
(558, 30, 1, 106, 2, '2022-10-26 22:00:00', 759, 575, 'Zabawki', 1459.00, 662.00, 19, 44298.00, 0.00, 0.00, '', 'zdjeciatrasy/61942ff85f96b1.25870289.png zdjeciatrasy/61942ff8615884.65244750.png', 1, '', 0, 0.00, 145.90, 18, 1),
(559, 30, 1, 106, 2, '2022-10-26 22:00:00', 575, 751, 'Puszki', 1402.00, 597.40, 25, 37549.00, 665.00, 0.00, '', 'zdjeciatrasy/619430d5f14746.29234660.png zdjeciatrasy/619430d5f38d07.43867053.png', 1, '', 0, 0.00, 140.20, 18, 1),
(560, 31, 0, 95, 0, '2022-10-26 22:00:00', 642, 641, 'Świeże ryby', 929.00, 458.50, 18, 15920.00, 0.00, 0.00, 'po 1 zapomniałem z trucksbookiem odpalić gry po 2 nie ma obu miejsc na systamie na screenie będzie skąd jechałem i do kąd bo nie ma na systemie no i w sumie tyle pozdrawiam', 'zdjeciatrasy/619508a1345818.38617729.png zdjeciatrasy/619508a13555d2.65194970.png', 2, 'Jeśli nie był włączony Truckbook to trasy nie możesz oddać na system ponieważ nie masz danych do wypisania. ', 0, 0.00, 0.00, 16, 0),
(561, 30, 1, 110, 0, '2022-10-26 22:00:00', 751, 609, 'Telewizory', 1224.00, 568.50, 20, 54734.00, 570.00, 0.00, 'zapytaj gry czego do chlodni daje ladunki typu papier puste palety kartony', 'zdjeciatrasy/61952873ea0423.76522289.png zdjeciatrasy/61952873eb91e3.35029357.png', 1, '', 0, 0.00, 122.40, 18, 1),
(562, 30, 1, 107, 2, '2022-10-26 22:00:00', 575, 560, 'Szupala kabla', 1285.00, 645.60, 16, 27240.00, 586.00, 0.00, 'zaznaczylem niskopodlogowom ze wzgledu ze jest tak nazwana na dsc ale w grze wszystkie ladunki sa umieszczone na nisko podwoziowych', 'zdjeciatrasy/619529f87cd173.44358225.png zdjeciatrasy/619529f87e3cb7.36355207.png', 1, '', 0, 0.00, 128.50, 34, 1),
(563, 30, 1, 105, 2, '2022-10-26 22:00:00', 566, 750, 'Ciagnik gasienicowy', 1450.00, 633.60, 25, 55854.00, 548.00, 0.00, '', 'zdjeciatrasy/61956873a4f080.11762917.png zdjeciatrasy/61956873a76465.80280879.png', 1, '', 0, 0.00, 145.00, 34, 1),
(564, 30, 1, 106, 2, '2022-10-26 22:00:00', 750, 608, 'Ciagnik gasienicowy', 1898.00, 932.10, 25, 80543.00, 833.00, 0.00, '', 'zdjeciatrasy/619569f2664b37.37237125.png zdjeciatrasy/619569f26924e3.39890517.png', 1, '', 0, 0.00, 189.80, 34, 1),
(565, 30, 1, 106, 2, '2022-10-26 22:00:00', 608, 585, 'Dzwig samojezdny', 2543.00, 1452.50, 35, 108676.00, 1186.00, 0.00, '', 'zdjeciatrasy/6196a2f596eb71.97959350.png zdjeciatrasy/6196a2f5988ff7.33734177.png', 1, '', 0, 0.00, 254.30, 34, 1),
(566, 30, 0, 90, 0, '2022-10-26 22:00:00', 109, 79, 'Opony', 1322.00, 523.90, 16, 64948.00, 555.00, 0.00, '', 'zdjeciatrasy/619814a66a7450.30406719.png zdjeciatrasy/619814a66b5b32.92746261.png', 1, '', 0, 0.00, 132.20, 4, 1),
(567, 30, 0, 90, 2, '2022-10-26 22:00:00', 79, 257, 'Motocykle', 1438.00, 573.30, 15, 83309.00, 953.00, 0.00, '', 'zdjeciatrasy/619815fe3b8494.01211515.png zdjeciatrasy/619815fe3da829.75806187.png', 1, '', 0, 0.00, 143.80, 4, 1),
(568, 33, 0, 99, 2, '2022-10-26 22:00:00', 671, 698, 'Pesto', 4616.00, 1243.40, 15, 211855.00, 708.00, 0.00, '', 'zdjeciatrasy/619a08f907f931.18189104.png zdjeciatrasy/619a08f90a0936.65455569.png', 1, '', 0, 0.00, 461.60, 4, 0),
(569, 33, 0, 93, 2, '2022-10-26 22:00:00', 698, 61, 'Zabawki', 3423.00, 806.90, 9, 154158.00, 1106.00, 0.00, '', 'zdjeciatrasy/619a54f5ecdf55.54188295.png zdjeciatrasy/619a54f5edbfb3.17748881.png', 1, '', 0, 0.00, 342.30, 4, 0),
(570, 8, 0, 87, 0, '2022-10-26 22:00:00', 190, 107, 'Miód', 1139.00, 510.30, 20, 34526.00, 0.00, 8.80, 'A szkoda gadać XDD ', 'zdjeciatrasy/619a5db1e869c6.84546881.png zdjeciatrasy/619a5db1e9a368.84745388.png', 1, '', 0, 76.80, 170.85, 4, 0),
(571, 31, 0, 95, 0, '2022-10-26 22:00:00', 642, 386, 'Nawóz', 1714.00, 850.00, 20, 32192.00, 0.00, 0.00, 'trasa z Ashdod/Aszdod ale nie ma na systemie ', 'zdjeciatrasy/619a60bfdcf7a9.38527783.png zdjeciatrasy/619a60bfdee186.42850428.png', 1, '', 0, 0.00, 171.40, 8, 0),
(572, 31, 0, 92, 0, '2022-10-26 22:00:00', 1, 344, 'Olej silnikowy', 858.00, 380.80, 18, 14912.00, 0.00, 0.00, '', 'zdjeciatrasy/619a6189824af9.73086966.png zdjeciatrasy/619a6189829990.98629740.png zdjeciatrasy/619a618983c4a3.55679910.png', 1, '', 0, 0.00, 85.80, 8, 0),
(573, 31, 0, 80, 0, '2022-10-26 22:00:00', 190, 106, 'miód', 1139.00, 507.00, 20, 29799.00, 0.00, 0.00, '', 'zdjeciatrasy/619a625b5482b6.26944484.png zdjeciatrasy/619a625b56a128.08791534.png', 1, '', 0, 0.00, 113.90, 4, 0),
(574, 33, 0, 98, 2, '2022-10-26 22:00:00', 64, 29, 'Użyte opakowania', 1715.00, 552.20, 20, 25510.00, 0.00, 0.00, '', 'zdjeciatrasy/619a9f1452d3a7.88960305.png zdjeciatrasy/619a9f14545e06.65749995.png', 1, '', 0, 0.00, 171.50, 4, 1),
(575, 8, 0, 85, 0, '2022-10-26 22:00:00', 64, 98, 'Czekolada', 1298.00, 515.60, 24, 26952.00, 602.00, 0.00, '', 'zdjeciatrasy/619aa0aa53a420.63313753.png zdjeciatrasy/619aa0aa548c27.68674953.png', 1, '', 0, 0.00, 194.70, 4, 1),
(576, 8, 0, 93, 1, '2022-10-26 22:00:00', 98, 29, 'Dynamit', 412.00, 523.80, 17, 25691.00, 0.00, 0.00, '', 'zdjeciatrasy/619aa159356333.93208816.png zdjeciatrasy/619aa15935d798.69895678.png', 1, '', 0, 0.00, 61.80, 4, 1),
(577, 33, 0, 94, 2, '2022-10-26 22:00:00', 98, 671, 'Fasola', 2860.00, 820.10, 12, 116743.00, 1059.00, 0.00, '', 'zdjeciatrasy/619b36113abc95.02955520.png zdjeciatrasy/619b36113bbf02.10349811.png', 1, '', 0, 0.00, 286.00, 4, 0),
(578, 33, 1, 106, 2, '2022-10-26 22:00:00', 550, 545, 'Sprzęt AGD', 2219.00, 709.50, 11, 106672.00, 436.00, 0.00, '', 'zdjeciatrasy/619b5635369957.86474960.png zdjeciatrasy/619b563537e205.21703167.png', 1, '', 0, 0.00, 221.90, 16, 0),
(579, 30, 0, 96, 1, '2022-10-26 22:00:00', 64, 98, 'Czekolada', 1297.00, 502.10, 24, 26952.00, 888.00, 0.00, '', 'zdjeciatrasy/619c2b63e88f23.24516701.png zdjeciatrasy/619c2b63e96bb3.42496542.png', 1, '', 0, 0.00, 129.70, 4, 0),
(580, 33, 0, 95, 2, '2022-10-26 22:00:00', 671, 679, 'Puszkowana fasola', 4404.00, 1444.10, 16, 180262.00, 1595.00, 0.00, '', 'zdjeciatrasy/619c8669939614.28711562.png zdjeciatrasy/619c8669951496.59641607.png', 1, '', 0, 0.00, 440.40, 4, 1),
(581, 31, 0, 91, 0, '2022-10-26 22:00:00', 190, 481, 'Zużyte opakowania', 2008.00, 892.30, 20, 40129.00, 575.00, 0.00, 'jechałem z Petersburga do Krimska na modach dla tego nie dam dokąd jechałem i dam losową tyle chciałem dodać :D', 'zdjeciatrasy/619d11611ac7f0.51194909.png zdjeciatrasy/619d11611c96c6.68298388.png zdjeciatrasy/619d11611d9a62.25354181.png', 1, '', 0, 0.00, 200.80, 4, 0),
(582, 33, 0, 99, 2, '2022-10-26 22:00:00', 679, 143, 'Gruszki', 4067.00, 1321.30, 15, 154373.00, 1471.00, 0.00, '', 'zdjeciatrasy/619d301c39eab5.12621046.png zdjeciatrasy/619d301c3b14b2.31103702.png', 1, '', 0, 0.00, 406.70, 16, 1),
(583, 33, 0, 96, 2, '2022-10-26 22:00:00', 143, 704, 'Kwiaty doniczkowe', 2792.00, 759.00, 3, 135265.00, 1195.00, 0.00, '', 'zdjeciatrasy/619df201bb7fe8.46545432.png zdjeciatrasy/619df201bd8740.06265054.png', 1, '', 0, 0.00, 279.20, 16, 1),
(584, 33, 0, 92, 2, '2022-10-26 22:00:00', 704, 188, 'Felgi ciężarowe', 3051.00, 876.40, 12, 135999.00, 795.00, 0.00, '', 'zdjeciatrasy/619e65962cc241.01315801.png zdjeciatrasy/619e65962dfd71.59187602.png', 1, '', 0, 0.00, 305.10, 4, 1),
(585, 23, 0, 95, 0, '2022-10-26 22:00:00', 107, 304, 'trociny', 1618.00, 582.90, 21, 63202.00, 0.00, 0.00, '', 'zdjeciatrasy/619e74b27c6b96.56781465.png zdjeciatrasy/619e74b27db211.19473522.png', 1, '', 0, 0.00, 242.70, 4, 0),
(586, 31, 0, 95, 0, '2022-10-26 22:00:00', 481, 481, 'Puste palety', 1895.00, 843.90, 22, 41217.00, 625.00, 0.00, 'Z Slavyansk Do Makat czyli z rosji na kazachstan na modach :D', 'zdjeciatrasy/619e90829b9621.20887453.png zdjeciatrasy/619e90829e3142.19863415.png zdjeciatrasy/619e90829f2a43.98917065.png', 1, '', 0, 0.00, 189.50, 8, 0),
(587, 33, 1, 106, 2, '2022-10-26 22:00:00', 529, 754, 'Orzechy', 2112.00, 678.10, 15, 65041.00, 703.00, 0.00, '', 'zdjeciatrasy/619eb5e89d4ec9.67302235.png zdjeciatrasy/619eb5e89e2f99.98767731.png', 1, '', 0, 0.00, 211.20, 16, 0),
(588, 23, 0, 95, 0, '2022-10-26 22:00:00', 121, 25, 'sol i przyprawy', 739.00, 248.60, 16, 24255.00, 0.00, 0.00, 'do londonderry', 'zdjeciatrasy/619f83dc0402d1.03878512.png zdjeciatrasy/619f83dc050465.92932425.png', 1, '', 0, 0.00, 110.85, 4, 0),
(589, 31, 0, 93, 0, '2022-10-26 22:00:00', 481, 481, 'Rusztowania', 1159.00, 514.90, 22, 27467.00, 290.00, 0.00, 'Jechałem z Atyrau do Kostanay czyli z kazachstanu do kazachstanu :D\r\nogółem to to jest chyba grape stepe albo souther regions nie pamiętam no', 'zdjeciatrasy/619f88b289fc52.88768410.png zdjeciatrasy/619f88b28c42b4.44902132.png', 1, '', 0, 0.00, 115.90, 4, 0),
(590, 23, 0, 96, 0, '2022-10-26 22:00:00', 690, 688, 'puste palety', 686.00, 263.50, 22, 17913.00, 0.00, 0.00, '', 'zdjeciatrasy/619fb85441dc74.81672937.png zdjeciatrasy/619fb854430399.63226002.png', 1, '', 0, 0.00, 102.90, 4, 1),
(591, 33, 0, 92, 2, '2022-10-26 22:00:00', 190, 700, 'Poczta lotnicza', 4780.00, 1334.40, 10, 225857.00, 1341.00, 0.00, 'Brak fragmentu trasy na truckbook w okolicach Albacente.\r\nNie było tankowane na tym odcinku czyli koszt paliwa jest prawidłowy, a ładunek wotr także prędkość również zmieściła się w widełkach.\r\n\r\nedit. brakujący fragment na TB jest na zapisie live\'a z 25.11 :)', 'zdjeciatrasy/619fb914b59d36.81913774.png zdjeciatrasy/619fb914b6bbd3.58675280.png', 1, '', 0, 0.00, 478.00, 4, 1),
(592, 33, 0, 95, 2, '2022-10-26 22:00:00', 700, 93, 'Lemoniada', 4640.00, 1466.90, 23, 173482.00, 1436.00, 0.00, '', 'zdjeciatrasy/619fef8ba928e2.12647412.png zdjeciatrasy/619fef8baaefa0.42474661.png', 1, '', 0, 0.00, 464.00, 4, 1),
(593, 33, 1, 106, 2, '2022-10-26 22:00:00', 754, 628, 'Ładowarka kołowa', 2343.00, 754.90, 15, 93268.00, 829.00, 0.00, '', 'zdjeciatrasy/61a0bfedb56ec7.67950713.png zdjeciatrasy/61a0bfedb6f054.82128034.png', 1, '', 0, 0.00, 234.30, 33, 0),
(594, 33, 0, 97, 2, '2022-10-26 22:00:00', 98, 257, 'Mleko w proszku', 2269.00, 731.30, 18, 60751.00, 1060.00, 0.00, '', 'zdjeciatrasy/61a14718784aa8.61467830.png zdjeciatrasy/61a147187a6861.17124257.png', 1, '', 0, 0.00, 226.90, 4, 0),
(595, 8, 0, 91, 2, '2022-10-26 22:00:00', 98, 257, 'Mleko w proszku', 2270.00, 835.10, 18, 73995.00, 1456.00, 0.00, '', 'zdjeciatrasy/61a15e23474817.47550371.png zdjeciatrasy/61a15e23484f81.34007443.png', 1, '', 0, 0.00, 340.50, 4, 0),
(596, 33, 0, 93, 2, '2022-10-26 22:00:00', 93, 686, 'Mleko', 4436.00, 1247.90, 20, 164850.00, 2192.00, 0.00, '', 'zdjeciatrasy/61a202c1cc5888.39604626.png zdjeciatrasy/61a202c1cdd852.15230177.png', 1, '', 0, 0.00, 443.60, 4, 0),
(597, 33, 1, 109, 2, '2022-10-26 22:00:00', 628, 548, 'Volvo z łyżką skalną SPN P T SEG', 5339.00, 1713.40, 3, 95049.00, 1404.00, 1.10, '', 'zdjeciatrasy/61a244b97158a1.19097516.png zdjeciatrasy/61a244b97238d1.88493792.png', 1, '', 0, 26.69, 533.90, 33, 1),
(598, 23, 1, 110, 0, '2022-10-26 22:00:00', 575, 582, 'opony', 1002.00, 388.70, 18, 38304.00, 0.00, 0.00, '', 'zdjeciatrasy/61a25c17cc4382.80333056.png zdjeciatrasy/61a25c17cd29a9.36057256.png', 1, '', 0, 0.00, 150.30, 12, 0),
(599, 23, 1, 107, 0, '2022-10-26 22:00:00', 582, 516, 'uzyte opakowania', 866.00, 335.40, 13, 17773.00, 309.00, 0.00, '', 'zdjeciatrasy/61a26b96147f50.22415338.png zdjeciatrasy/61a26b9615bdf3.65205529.png', 1, '', 0, 0.00, 129.90, 12, 0),
(600, 10, 0, 99, 0, '2022-10-26 22:00:00', 105, 136, 'Kozi Ser', 1880.00, 604.80, 15, 85884.00, 415.00, 0.00, '', 'zdjeciatrasy/61a26e012223d0.32121122.jpg zdjeciatrasy/61a26e012257f1.90517516.jpg', 1, '', 0, 0.00, 282.00, 8, 0),
(601, 33, 1, 112, 2, '2022-11-12 23:00:00', 548, 626, 'Volvo z łyżką skalną SPN P T SEG', 5844.00, 1872.60, 3, 93666.00, 1461.00, 0.00, '', 'zdjeciatrasy/61a284d01f3c72.64406044.png zdjeciatrasy/61a284d0207eb4.66063318.png', 1, '', 0, 0.00, 584.40, 33, 1),
(602, 33, 0, 91, 2, '2022-11-12 23:00:00', 685, 94, 'Korki', 3436.00, 800.40, 5, 116474.00, 878.00, 0.00, '', 'zdjeciatrasy/61a3715d3fc4d3.67645298.png zdjeciatrasy/61a3715d410f50.04149031.png', 1, '', 0, 0.00, 343.60, 4, 0),
(603, 23, 0, 94, 0, '2022-11-12 23:00:00', 29, 142, 'uzyte opakowania', 1387.00, 389.00, 20, 47466.00, 0.00, 0.00, '', 'zdjeciatrasy/61a3923643c0c5.57900840.png zdjeciatrasy/61a39236479636.92721495.png', 1, '', 0, 0.00, 208.05, 4, 0),
(604, 10, 0, 99, 0, '2022-11-12 23:00:00', 107, 89, 'Karma dla zwierząt', 1392.00, 450.60, 20, 52485.00, 543.00, 0.00, '', 'zdjeciatrasy/61a39e964c6820.30624408.jpg zdjeciatrasy/61a39e964cbf11.26791798.png', 1, '', 0, 0.00, 208.80, 4, 0),
(605, 10, 0, 99, 0, '2022-11-12 23:00:00', 89, 100, 'Miedziane rynny dachowe', 1265.00, 407.70, 8, 62985.00, 511.00, 0.00, '', 'zdjeciatrasy/61a3f4533d9a63.24112166.jpg zdjeciatrasy/61a3f4533ddbb3.90449519.jpg', 1, '', 0, 0.00, 189.75, 4, 0),
(606, 33, 0, 96, 2, '2022-11-12 23:00:00', 94, 648, 'Płyty warstwowe', 3373.00, 932.50, 12, 127319.00, 1483.00, 0.00, '', 'zdjeciatrasy/61a45f1893e585.23580255.png zdjeciatrasy/61a45f189597a1.59344800.png', 1, '', 0, 0.00, 337.30, 4, 0),
(607, 23, 0, 95, 0, '2022-11-12 23:00:00', 80, 671, 'mleko w proszku', 3050.00, 1022.80, 18, 114071.00, 0.00, 0.00, '', 'zdjeciatrasy/61a510520ecbc3.12064390.png zdjeciatrasy/61a510521016d3.78138716.png', 1, '', 0, 0.00, 457.50, 4, 0),
(608, 33, 0, 93, 2, '2022-11-12 23:00:00', 714, 671, 'Kwiaty cięte', 3756.00, 1055.40, 1, 151044.00, 596.00, 0.00, '', 'zdjeciatrasy/61a512494606f3.40250934.png zdjeciatrasy/61a5124947f588.40582670.png', 1, '', 0, 0.00, 375.60, 16, 0),
(609, 10, 0, 98, 0, '2022-11-12 23:00:00', 100, 156, 'Puste palety', 824.00, 264.90, 22, 31248.00, 441.00, 0.00, '', 'zdjeciatrasy/61a544b2bfee29.85687707.jpg zdjeciatrasy/61a544b2c05d20.33236782.jpg', 1, '', 0, 0.00, 123.60, 4, 0),
(610, 10, 0, 99, 1, '2022-11-12 23:00:00', 156, 101, 'Kepucz', 1597.00, 514.60, 15, 71268.00, 406.00, 0.00, '', 'zdjeciatrasy/61a54565212be8.24035782.jpg zdjeciatrasy/61a5456521c3c9.98974032.jpg', 1, '', 0, 0.00, 239.55, 4, 0),
(611, 33, 0, 96, 2, '2022-11-12 23:00:00', 671, 698, 'Migdały', 4706.00, 1384.60, 17, 188838.00, 1272.00, 0.00, '', 'zdjeciatrasy/61a5f4f7a66977.77128927.png zdjeciatrasy/61a5f4f7a7d3a5.57878163.png', 1, '', 0, 0.00, 470.60, 4, 0),
(612, 23, 0, 94, 0, '2022-11-12 23:00:00', 671, 647, 'pudelka polistyrenowe', 422.00, 153.40, 3, 13313.00, 0.00, 0.00, '', 'zdjeciatrasy/61a6595750f1b7.18371869.png zdjeciatrasy/61a6595751ce74.58212620.png', 1, '', 0, 0.00, 63.30, 4, 0),
(613, 33, 1, 107, 2, '2022-11-12 23:00:00', 585, 622, 'Deski', 3200.00, 1032.10, 17, 85404.00, 920.00, 0.00, '', 'zdjeciatrasy/61a68a9ab06126.38410376.png zdjeciatrasy/61a68a9ab1f230.90516796.png', 1, '', 0, 0.00, 320.00, 20, 0),
(614, 30, 1, 114, 2, '2022-11-12 23:00:00', 585, 622, 'Deski', 3264.00, 1395.00, 17, 59747.00, 1431.00, 0.00, '', 'zdjeciatrasy/61a68bd682dcf1.24223663.png zdjeciatrasy/61a68bd6879254.50813846.png', 1, '', 0, 0.00, 326.40, 20, 0),
(615, 33, 0, 95, 2, '2022-11-12 23:00:00', 698, 663, 'Puszkowana wieprzowina', 4229.00, 1389.60, 22, 183620.00, 1676.00, 0.00, '', 'zdjeciatrasy/61a762a43e3c08.99315425.png zdjeciatrasy/61a762a43fcf11.46342762.png', 1, '', 0, 0.00, 422.90, 16, 0),
(616, 33, 0, 94, 2, '2022-11-12 23:00:00', 663, 678, 'Marchewki', 4492.00, 1431.00, 15, 161977.00, 1536.00, 0.00, '', 'zdjeciatrasy/61a7adda7dff87.28576326.png zdjeciatrasy/61a7adda7f7d65.15700605.png', 1, '', 0, 0.00, 449.20, 24, 0),
(617, 33, 1, 110, 2, '2022-11-12 23:00:00', 622, 556, 'Zezłomowane samochody', 2761.00, 878.20, 17, 65313.00, 769.00, 0.00, 'się zapomniało ', 'zdjeciatrasy/61a8e40413f162.32166330.png zdjeciatrasy/61a8e4041658d7.56756711.png', 1, '', 0, 0.00, 276.10, 20, 0),
(618, 33, 0, 95, 2, '2022-11-12 23:00:00', 678, 94, 'Korki', 3500.00, 868.20, 5, 135240.00, 1436.00, 0.00, '', 'zdjeciatrasy/61a8f02a11bd88.94723576.png zdjeciatrasy/61a8f02a12e476.13100399.png', 1, '', 0, 0.00, 350.00, 4, 0),
(619, 23, 1, 110, 0, '2022-11-12 23:00:00', 629, 577, 'weglan sodu', 1939.00, 808.40, 19, 58262.00, 701.00, 2.20, '', 'zdjeciatrasy/61a90f7a99f982.88886989.png zdjeciatrasy/61a90f7a9ad8e4.34722909.png', 1, '', 0, 29.08, 290.85, 12, 0),
(620, 33, 1, 111, 2, '2022-11-12 23:00:00', 631, 577, 'Zabawki', 2004.00, 644.40, 13, 72043.00, 556.00, 2.20, '', 'zdjeciatrasy/61a9129146a3d7.24148380.png zdjeciatrasy/61a91291489f06.87160100.png', 1, '', 0, 20.04, 200.40, 16, 0),
(621, 33, 1, 107, 2, '2022-11-12 23:00:00', 556, 631, 'Samochody', 2344.00, 751.90, 8, 104872.00, 645.00, 0.00, '', 'zdjeciatrasy/61a9b7d5959673.41583208.png zdjeciatrasy/61a9b7d5967b35.01629031.png', 1, '', 0, 0.00, 234.40, 36, 0);
INSERT INTO `trasy` (`id`, `kto`, `gra`, `vmax`, `typzlecenia`, `kiedy`, `od`, `do`, `ladunek`, `przejechane`, `spalanie`, `masaladunku`, `zarobek`, `paliwo`, `uszkodzenia`, `komentarz`, `zdj`, `zatwierdz`, `powododrzuc`, `dozwolpoprawke`, `kara`, `wlasnyzarobek`, `naczepa`, `typserwera`) VALUES
(622, 8, 0, 90, 2, '2022-11-12 23:00:00', 94, 190, 'Potas', 1236.00, 534.00, 16, 73433.00, 651.00, 0.00, '', 'zdjeciatrasy/61aa1593e8cf10.11449472.png zdjeciatrasy/61aa1593ea87c6.89282657.png', 1, '', 0, 0.00, 185.40, 24, 0),
(623, 33, 0, 90, 2, '2022-11-12 23:00:00', 94, 190, 'Potas', 1235.00, 404.80, 16, 72433.00, 0.00, 0.00, '', 'zdjeciatrasy/61aa1663347ad9.49740367.png zdjeciatrasy/61aa1663363425.12099789.png', 1, '', 0, 0.00, 123.50, 24, 0),
(624, 8, 0, 92, 2, '2022-11-12 23:00:00', 190, 58, 'Procesory komputerowe ', 1153.00, 431.10, 3, 62788.00, 0.00, 0.00, '', 'zdjeciatrasy/61aa4b330b4414.27253978.png zdjeciatrasy/61aa4b330cc142.85671609.png', 1, '', 0, 0.00, 172.95, 4, 0),
(625, 33, 0, 93, 2, '2022-11-12 23:00:00', 190, 58, 'Procesory komputerowe', 1197.00, 320.50, 3, 69480.00, 281.00, 0.00, '', 'zdjeciatrasy/61aa59039eda65.81573570.png zdjeciatrasy/61aa5903a064d6.37547307.png', 1, '', 0, 0.00, 119.70, 4, 0),
(626, 33, 0, 90, 1, '2022-11-12 23:00:00', 108, 33, 'Poczta lotnicza', 1497.00, 724.20, 10, 51522.00, 0.00, 0.00, '', 'zdjeciatrasy/61abd4bbc73494.80655296.png zdjeciatrasy/61abd4bbc90593.47095531.png', 1, '', 0, 0.00, 149.70, 4, 0),
(627, 33, 1, 107, 2, '2022-11-12 23:00:00', 629, 516, 'Deski', 2847.00, 909.50, 14, 91175.00, 219.00, 0.00, '', 'zdjeciatrasy/61abd5530c3ee8.46282011.png zdjeciatrasy/61abd5530e42b2.62484295.png', 1, '', 0, 0.00, 284.70, 20, 0),
(628, 10, 0, 86, 0, '2022-11-12 23:00:00', 108, 33, 'Woda butelkowana', 1493.00, 483.10, 24, 55538.00, 0.00, 0.00, '', 'zdjeciatrasy/61abdf001a2885.64959135.jpg zdjeciatrasy/61abdf001a7484.80279322.jpg', 1, '', 0, 0.00, 223.95, 4, 0),
(629, 10, 0, 94, 1, '2022-11-12 23:00:00', 33, 71, 'Kepucz', 1461.00, 817.80, 15, 57075.00, 0.00, 0.00, '', 'zdjeciatrasy/61abdf69d0f713.95736564.jpg zdjeciatrasy/61abdf69d13790.09340911.jpg', 1, '', 0, 0.00, 219.15, 4, 0),
(630, 33, 0, 82, 0, '2022-11-12 23:00:00', 71, 81, 'Pasztet', 1232.00, 397.80, 17, 44994.00, 977.00, 0.00, '', 'zdjeciatrasy/61abf5d849abd4.66684179.png zdjeciatrasy/61abf5d84ba219.77600990.png', 1, '', 0, 0.00, 123.20, 16, 0),
(631, 8, 0, 88, 1, '2022-11-12 23:00:00', 108, 33, 'Woda butelkowana', 1498.00, 833.60, 24, 55538.00, 0.00, 0.00, '', 'zdjeciatrasy/61ac13136b0bb5.33404680.png zdjeciatrasy/61ac13136c2f68.46505156.png', 1, '', 0, 0.00, 224.70, 4, 0),
(632, 8, 0, 93, 1, '2022-11-12 23:00:00', 33, 71, 'Jogurty', 1530.00, 545.80, 17, 67927.00, 1379.00, 0.00, '', 'zdjeciatrasy/61ac144a076373.28648009.png zdjeciatrasy/61ac144a088991.10938869.png', 1, '', 0, 0.00, 229.50, 16, 0),
(633, 8, 0, 90, 0, '2022-11-12 23:00:00', 71, 81, 'Pasztet', 1231.00, 423.00, 17, 54956.00, 0.00, 0.00, '', 'zdjeciatrasy/61ac14e6610185.68800956.png zdjeciatrasy/61ac14e662f0c8.46212120.png', 1, '', 0, 0.00, 184.65, 16, 0),
(634, 8, 0, 92, 0, '2022-11-12 23:00:00', 81, 90, 'Wędzone szprotki', 1337.00, 467.40, 17, 71607.00, 1236.00, 0.00, '', 'zdjeciatrasy/61ac15604012f2.56072666.png zdjeciatrasy/61ac15604135c6.16567017.png', 1, '', 0, 0.00, 200.55, 16, 0),
(635, 32, 0, 90, 1, '2022-11-12 23:00:00', 71, 81, 'Czekolada', 1230.00, 400.60, 24, 51866.00, 466.00, 0.00, '', 'zdjeciatrasy/61ac15643d4353.27848991.png zdjeciatrasy/61ac15643ecf02.04597607.png', 1, '', 0, 0.00, 123.00, 4, 0),
(636, 32, 0, 90, 0, '2022-11-12 23:00:00', 81, 90, 'Wędzone szprotki', 1336.00, 431.10, 17, 71607.00, 512.00, 0.00, '', 'zdjeciatrasy/61ac16866047c8.03951402.png zdjeciatrasy/61ac1686621498.74937069.png', 1, '', 0, 0.00, 133.60, 4, 0),
(637, 30, 0, 86, 0, '2022-11-12 23:00:00', 108, 33, 'Woda butelkowana', 1497.00, 889.10, 24, 55538.00, 0.00, 0.00, '', 'zdjeciatrasy/61ac9bacd55159.33888759.png zdjeciatrasy/61ac9bacd70377.24849222.png', 1, '', 0, 0.00, 149.70, 4, 0),
(638, 30, 0, 80, 0, '2022-11-12 23:00:00', 33, 71, 'Keczup', 1529.00, 436.90, 15, 55794.00, 1354.00, 0.00, '', 'zdjeciatrasy/61ac9db4d39342.15835192.png zdjeciatrasy/61ac9db4d57668.57421323.png', 1, '', 0, 0.00, 152.90, 4, 0),
(639, 30, 0, 90, 1, '2022-11-12 23:00:00', 71, 81, 'Czekolada', 1234.00, 761.80, 24, 58394.00, 0.00, 0.00, '', 'zdjeciatrasy/61ac9fc856ce74.14586120.png zdjeciatrasy/61ac9fc8581f23.91154248.png', 1, '', 0, 0.00, 123.40, 4, 0),
(640, 32, 0, 90, 0, '2022-11-12 23:00:00', 104, 664, 'Guma naturalna', 1029.00, 330.50, 21, 51747.00, 443.00, 0.00, '', 'zdjeciatrasy/61acb78bbae8b9.22520451.png zdjeciatrasy/61acb78bbd7a59.93065462.png', 1, '', 0, 0.00, 102.90, 4, 0),
(641, 32, 0, 92, 0, '2022-11-12 23:00:00', 664, 87, 'Amunicja', 1775.00, 570.10, 18, 128365.00, 589.00, 0.00, '', 'zdjeciatrasy/61acb88fd16481.48356097.png zdjeciatrasy/61acb88fd454a0.36966852.png', 1, '', 0, 0.00, 177.50, 4, 0),
(642, 33, 0, 92, 2, '2022-11-12 23:00:00', 58, 704, 'Sprzęt medyczny', 2854.00, 706.90, 5, 159802.00, 1374.00, 0.00, '', 'zdjeciatrasy/61acc1510600a3.81053880.png zdjeciatrasy/61acc151071655.58357337.png', 1, '', 0, 0.00, 285.40, 4, 0),
(643, 33, 0, 93, 2, '2022-11-12 23:00:00', 704, 178, 'Paczki pocztowe', 3579.00, 1006.20, 11, 177102.00, 726.00, 0.00, '', 'zdjeciatrasy/61acc1cc60e869.01209103.png zdjeciatrasy/61acc1cc629c73.84614459.png', 1, '', 0, 0.00, 357.90, 4, 0),
(644, 32, 0, 89, 0, '2022-11-12 23:00:00', 87, 71, 'Uszczelnione łożyska', 330.00, 126.30, 24, 6970.00, 0.00, 0.00, '', 'zdjeciatrasy/61acd7b9299fa8.12633871.png zdjeciatrasy/61acd7b92c0c53.03888919.png', 2, 'Zleceń spóźnionych nie oddajemy na system ', 0, 0.00, 0.00, 4, 0),
(645, 10, 0, 100, 0, '2022-11-12 23:00:00', 111, 92, 'Marchewki', 996.00, 321.20, 16, 34027.00, 805.00, 0.00, '', 'zdjeciatrasy/61acfdcd6c3810.48754325.jpg zdjeciatrasy/61acfdcd6c8898.33663101.jpg', 1, '', 0, 0.00, 149.40, 4, 0),
(646, 32, 0, 95, 0, '2022-11-12 23:00:00', 71, 672, 'Smar Grafitowy', 2220.00, 714.80, 16, 105235.00, 1083.00, 1.10, '', 'zdjeciatrasy/61acffd67fcb50.28570471.png zdjeciatrasy/61acffd680a134.89978430.png', 1, '', 0, 11.10, 222.00, 4, 0),
(647, 33, 1, 108, 2, '2022-11-12 23:00:00', 516, 595, 'Opony', 2584.00, 828.90, 15, 74428.00, 1126.00, 0.00, '', 'zdjeciatrasy/61ad0a13675a52.33223392.png zdjeciatrasy/61ad0a1368ea26.72395911.png', 1, '', 0, 0.00, 258.40, 16, 0),
(648, 31, 1, 90, 0, '2022-11-12 23:00:00', 533, 606, 'Węglan sodu', 1657.00, 696.20, 19, 28339.00, 518.00, 0.00, 'ogółem to nie firanka tylko zabudowana czy jakoś tak ', 'zdjeciatrasy/61ae5d28575128.46374837.png zdjeciatrasy/61ae5d2859e975.59066580.png', 1, '', 0, 0.00, 165.70, 4, 0),
(649, 31, 1, 95, 0, '2022-11-12 23:00:00', 606, 561, 'Zbiorniko-naczepa', 668.00, 280.30, 3, 17813.00, 652.00, 0.00, 'ładunek to to samo co naczepa ', 'zdjeciatrasy/61ae5dd79b2d29.51363566.png zdjeciatrasy/61ae5dd79d39e8.71706716.png', 1, '', 0, 0.00, 66.80, 40, 0),
(650, 33, 0, 97, 2, '2022-11-12 23:00:00', 181, 53, 'Rusztowania', 2981.00, 856.40, 22, 130089.00, 1289.00, 0.00, '', 'zdjeciatrasy/61ae7093771201.39924223.png zdjeciatrasy/61ae7093789a45.87888440.png', 1, '', 0, 0.00, 298.10, 4, 0),
(651, 33, 1, 107, 2, '2022-11-12 23:00:00', 622, 547, 'Złom', 2561.00, 822.70, 12, 63862.00, 672.00, 0.00, '', 'zdjeciatrasy/61ae73706ed917.39632864.png zdjeciatrasy/61ae737070c9f1.01069299.png', 1, '', 0, 0.00, 256.10, 39, 0),
(652, 31, 1, 98, 0, '2022-11-12 23:00:00', 630, 575, 'Zużyte opakowania', 1773.00, 745.40, 15, 27697.00, 743.00, 0.00, 'naczepa to chyba zabudowana ', 'zdjeciatrasy/61af5b9fc11341.14404374.png zdjeciatrasy/61af5b9fc32520.24780506.png', 1, '', 0, 0.00, 177.30, 4, 0),
(653, 31, 1, 96, 0, '2022-11-12 23:00:00', 575, 523, 'Artykuły biurowe', 681.00, 268.40, 18, 13241.00, 0.00, 0.00, 'Naczepa zabudowana', 'zdjeciatrasy/61afaadb0e90c0.00287287.png zdjeciatrasy/61afaadb0f9084.14549630.png', 1, '', 0, 0.00, 68.10, 4, 0),
(654, 33, 0, 95, 2, '2022-11-12 23:00:00', 815, 656, 'Szczepionki medyczne', 3041.00, 849.80, 5, 261900.00, 1029.00, 0.00, '', 'zdjeciatrasy/61afbe84c8bea3.70628677.png zdjeciatrasy/61afbe84ca72c5.05032692.png', 1, '', 0, 0.00, 304.10, 4, 0),
(655, 10, 0, 98, 0, '2022-11-12 23:00:00', 106, 155, 'Nawóz', 1346.00, 435.90, 20, 70477.00, 0.00, 0.00, '', 'zdjeciatrasy/61aff1dd07b721.38830978.jpg zdjeciatrasy/61aff1dd080832.83057603.jpg', 1, '', 0, 0.00, 201.90, 4, 0),
(656, 10, 0, 100, 0, '2022-11-12 23:00:00', 105, 13, 'Miód', 1031.00, 333.00, 20, 51386.00, 819.00, 0.00, '', 'zdjeciatrasy/61aff2655221a8.21118736.jpg zdjeciatrasy/61aff265528699.32075759.jpg', 1, '', 0, 0.00, 154.65, 4, 0),
(657, 31, 0, 95, 0, '2022-11-12 23:00:00', 167, 713, 'Paczki pocztowe', 2752.00, 1224.00, 11, 88269.00, 600.00, 0.00, '', 'zdjeciatrasy/61b14f90ab8605.93123359.png zdjeciatrasy/61b14f90ad48c6.11401564.png', 1, '', 0, 0.00, 275.20, 4, 0),
(658, 31, 0, 90, 0, '2022-11-12 23:00:00', 713, 84, 'Świeże ryby', 570.00, 238.80, 18, 16355.00, 0.00, 0.00, '', 'zdjeciatrasy/61b1d5c2280ba4.67057771.png zdjeciatrasy/61b1d5c228f629.57854793.png', 2, 'Brak uprawnień na chłodnie ', 0, 0.00, 0.00, 16, 0),
(659, 33, 1, 106, 2, '2022-11-12 23:00:00', 547, 540, 'Samochody', 1835.00, 588.70, 8, 89325.00, 262.00, 1.20, '', 'zdjeciatrasy/61b23b3e251a05.19585193.png zdjeciatrasy/61b23b3e260019.30017636.png', 1, '', 0, 9.17, 183.50, 36, 0),
(660, 33, 0, 92, 2, '2022-11-12 23:00:00', 656, 105, 'Sprzęt medyczny', 1210.00, 428.30, 5, 75768.00, 760.00, 1.00, '', 'zdjeciatrasy/61b25f01b34a85.49655897.png zdjeciatrasy/61b25f01b4d804.19330041.png', 1, '', 0, 6.05, 121.00, 16, 0),
(661, 8, 0, 99, 1, '2022-11-12 23:00:00', 105, 92, 'Winogrona', 1042.00, 1065.00, 14, 53517.00, 0.00, 0.00, '', 'zdjeciatrasy/61b380911a64e6.64405524.png zdjeciatrasy/61b380911cbab1.87413894.png', 1, '', 0, 0.00, 156.30, 16, 0),
(662, 8, 0, 96, 0, '2022-11-12 23:00:00', 92, 63, 'Ser', 1161.00, 1564.30, 18, 46502.00, 1241.00, 1.20, 'Mam film na to że nie moja wina to jest ', 'zdjeciatrasy/61b38110924054.72210310.png zdjeciatrasy/61b38110935d27.72727253.png', 1, '', 0, 0.00, 174.15, 16, 0),
(663, 33, 0, 90, 2, '2022-11-12 23:00:00', 105, 92, 'Koła z felgami Volvo', 1050.00, 304.40, 10, 40602.00, 0.00, 0.00, '', 'zdjeciatrasy/61b38118c5f1d5.31219402.png zdjeciatrasy/61b38118c69ac8.95853889.png', 1, '', 0, 0.00, 105.00, 20, 0),
(664, 33, 0, 92, 2, '2022-11-12 23:00:00', 45, 63, 'Wózki widłowe', 1156.00, 357.30, 11, 66659.00, 658.00, 0.00, '', 'zdjeciatrasy/61b38233080453.47118150.png zdjeciatrasy/61b3823309a545.56841186.png', 1, '', 0, 0.00, 115.60, 33, 0),
(665, 33, 0, 93, 2, '2022-11-12 23:00:00', 63, 80, 'Koparka Volvo EW240E MH', 2636.00, 992.70, 26, 115358.00, 780.00, 0.00, 'Poprawione. Się zagapię czasem. Wnioskuję o to, żeby prędkość maksymalna, tonaż i koszt paliwa były przy dodawaniu obok siebie bo te 3 rzeczy bierze się TB. :) ', 'zdjeciatrasy/61b4ff637784f0.46726431.png zdjeciatrasy/61b4ff63785630.06222002.png', 1, '', 0, 0.00, 263.60, 33, 0),
(666, 23, 0, 96, 2, '2022-11-12 23:00:00', 80, 43, 'olej kokosowy', 1731.00, 758.70, 23, 47339.00, 1229.00, 0.00, 'truckbook jest zepsuty ja nie tankowalem', 'zdjeciatrasy/61b50a32265d85.05549609.png zdjeciatrasy/61b50a322824e7.42216601.png', 1, '', 0, 0.00, 259.65, 4, 0),
(667, 33, 1, 106, 2, '2022-11-12 23:00:00', 540, 550, 'Samochody', 2154.00, 687.50, 9, 94767.00, 737.00, 0.00, '', 'zdjeciatrasy/61b50d1ecf6055.17452039.png zdjeciatrasy/61b50d1ed077d4.99837096.png', 1, '', 0, 0.00, 215.40, 36, 0),
(668, 33, 0, 94, 2, '2022-11-12 23:00:00', 80, 680, 'Jacht', 3162.00, 952.10, 6, 201034.00, 1219.00, 0.00, '', 'zdjeciatrasy/61b5232448c659.03838358.png zdjeciatrasy/61b523244a1421.19944675.png', 1, '', 0, 0.00, 316.20, 33, 0),
(669, 33, 0, 94, 2, '2022-11-12 23:00:00', 680, 672, 'Koparka Volvo EC220E', 4497.00, 1838.60, 20, 228949.00, 2162.00, 1.30, '', 'zdjeciatrasy/61b61f5716d288.86612946.png zdjeciatrasy/61b61f57181e55.45990540.png', 1, '', 0, 22.48, 449.70, 33, 0),
(670, 33, 0, 94, 2, '2022-11-12 23:00:00', 672, 190, 'Betonowe belki', 3278.00, 1294.40, 17, 90095.00, 1305.00, 0.00, '', 'zdjeciatrasy/61b7928bab3c88.33478537.png zdjeciatrasy/61b7928bac53d0.07276772.png', 1, '', 0, 0.00, 327.80, 20, 0),
(671, 33, 0, 93, 2, '2022-11-12 23:00:00', 190, 693, 'Świeże ryby', 5044.00, 1738.80, 18, 178073.00, 1095.00, 2.70, '', 'zdjeciatrasy/61b8ffbcba5c14.45088668.png zdjeciatrasy/61b8ffbcbc1ba3.45503448.png', 1, '', 0, 75.66, 504.40, 16, 0),
(672, 10, 0, 90, 0, '2022-11-12 23:00:00', 43, 81, 'Miód', 1582.00, 514.30, 20, 77916.00, 0.00, 0.00, '', 'zdjeciatrasy/61b90be643f8a8.75375185.jpg zdjeciatrasy/61b90be64442c9.55066335.jpg', 1, '', 0, 0.00, 237.30, 4, 0),
(673, 8, 0, 92, 1, '2022-11-12 23:00:00', 35, 81, 'Świeże ryby', 1799.00, 743.70, 18, 96891.00, 0.00, 0.00, '', 'zdjeciatrasy/61b929c622f5c5.62976298.png zdjeciatrasy/61b929c62405c0.85653151.png', 1, '', 0, 0.00, 269.85, 16, 0),
(674, 33, 1, 107, 2, '2022-11-12 23:00:00', 550, 621, 'Ryż', 2073.00, 664.20, 21, 73721.00, 303.00, 0.00, 'Poprawione, coś mi ostatnio okienka się mylą. XD', 'zdjeciatrasy/61ba2c4ae175f2.51568381.png zdjeciatrasy/61ba2c4ae26af9.65030405.png', 1, '', 0, 0.00, 207.30, 16, 0),
(675, 33, 1, 107, 2, '2022-11-12 23:00:00', 621, 519, 'Kostki siana', 2663.00, 853.50, 8, 65792.00, 1133.00, 0.00, '', 'zdjeciatrasy/61ba560c0ea321.48001061.png zdjeciatrasy/61ba560c1128e3.73970219.png', 1, '', 0, 0.00, 266.30, 20, 0),
(676, 33, 0, 92, 2, '2022-11-12 23:00:00', 693, 176, 'Upominki', 3750.00, 1268.00, 23, 274072.00, 1402.00, 0.00, '', 'zdjeciatrasy/61bb86cfa31886.85683553.png zdjeciatrasy/61bb86cfa4e541.38370098.png', 1, '', 0, 0.00, 375.00, 4, 0),
(677, 33, 1, 106, 2, '2022-11-12 23:00:00', 519, 626, 'Upominki', 3172.00, 1018.70, 19, 177527.00, 631.00, 0.00, '', 'zdjeciatrasy/61bcba2b8b70d0.04269574.png zdjeciatrasy/61bcba2b8de086.36858859.png', 1, '', 0, 0.00, 317.20, 4, 0),
(678, 33, 0, 97, 2, '2022-11-12 23:00:00', 176, 679, 'Upominki', 4700.00, 1731.50, 23, 275082.00, 944.00, 0.00, '', 'zdjeciatrasy/61be3977bd9055.74182488.png zdjeciatrasy/61be3977beacd9.51150521.png', 1, '', 0, 0.00, 470.00, 12, 0),
(679, 33, 1, 109, 2, '2022-11-12 23:00:00', 631, 522, 'Upominki', 2644.00, 843.60, 19, 161509.00, 575.00, 0.00, '', 'zdjeciatrasy/61be4ca2c4c247.51854593.png zdjeciatrasy/61be4ca2c74321.24569193.png', 1, '', 0, 0.00, 264.40, 12, 0),
(680, 33, 0, 98, 2, '2022-11-12 23:00:00', 679, 183, 'Upominki', 3849.00, 1257.40, 23, 296356.00, 1426.00, 0.00, '', 'zdjeciatrasy/61bef47bc279e5.47476435.png zdjeciatrasy/61bef47bc44704.57441746.png', 1, '', 0, 0.00, 384.90, 12, 0),
(681, 10, 0, 99, 0, '2022-11-12 23:00:00', 105, 65, 'Płyty wielowarstwowe', 376.00, 120.60, 12, 18741.00, 1.00, 0.00, 'Zrobiłem trasę dla testu żeby zobaczyć jak by mogła wyglądać naczepa firmowa :D', 'zdjeciatrasy/61bf478bb4b374.42846382.jpg zdjeciatrasy/61bf478bb54248.63410342.jpg', 2, 'Nazwa ładunku do poprawy ', 1, 0.00, 0.00, 4, 0),
(682, 33, 1, 108, 2, '2022-11-12 23:00:00', 522, 569, 'Upominki', 2431.00, 783.70, 19, 158411.00, 203.00, 0.00, '', 'zdjeciatrasy/61bf58a7bcfd24.45549287.png zdjeciatrasy/61bf58a7bf1297.87394331.png', 1, '', 0, 0.00, 243.10, 12, 0),
(683, 31, 0, 90, 2, '2022-11-12 23:00:00', 700, 133, 'Upominki', 982.00, 404.90, 23, 43885.00, 801.00, 0.00, '', 'zdjeciatrasy/61bfbfcbaf31e8.34588568.png zdjeciatrasy/61bfbfcbb14e70.84768103.png zdjeciatrasy/61bfbfcbb1cbb3.31871967.png', 1, '', 0, 0.00, 98.20, 8, 0),
(684, 31, 0, 91, 2, '2022-11-12 23:00:00', 92, 115, 'Upominki', 755.00, 279.20, 23, 35541.00, 0.00, 0.00, '', 'zdjeciatrasy/61bfc04cd1a128.25391441.png zdjeciatrasy/61bfc04cd45f14.55893999.png', 1, '', 0, 0.00, 75.50, 8, 0),
(685, 31, 0, 93, 2, '2022-11-12 23:00:00', 115, 669, 'Upominki', 836.00, 309.20, 23, 39394.00, 0.00, 0.00, '', 'zdjeciatrasy/61bfc0fd37c556.09449101.png zdjeciatrasy/61bfc0fd394e58.18955711.png', 1, '', 0, 0.00, 83.60, 8, 0),
(686, 15, 0, 92, 2, '2022-11-12 23:00:00', 15, 46, 'Użyte opakowania', 1433.00, 460.70, 20, 53911.00, 580.00, 0.00, '', 'zdjeciatrasy/61bfc531b9fec4.31667432.png zdjeciatrasy/61bfc531bb4c55.87587618.png', 1, '', 0, 0.00, 214.95, 4, 0),
(687, 15, 0, 90, 2, '2022-11-12 23:00:00', 46, 453, 'Procesory komputerowe', 1125.00, 360.80, 3, 65878.00, 756.00, 0.00, '', 'zdjeciatrasy/61bfc5935c0c62.80485656.png zdjeciatrasy/61bfc5935d6ce2.15180158.png', 1, '', 0, 0.00, 168.75, 4, 0),
(688, 33, 0, 96, 2, '2022-11-12 23:00:00', 184, 445, 'Upominki', 3301.00, 1107.90, 23, 250791.00, 1505.00, 0.00, '', 'zdjeciatrasy/61c038725145b8.19400928.png zdjeciatrasy/61c0387252ac90.60635105.png', 1, '', 0, 0.00, 330.10, 12, 0),
(689, 33, 1, 106, 2, '2022-11-12 23:00:00', 630, 582, 'Upominki', 2154.00, 686.80, 19, 133801.00, 580.00, 0.00, '', 'zdjeciatrasy/61c06d051ab0a3.40797635.png zdjeciatrasy/61c06d051c6f21.15493884.png', 1, '', 0, 0.00, 215.40, 12, 0),
(690, 33, 0, 93, 2, '2022-11-12 23:00:00', 445, 170, 'Upominki', 3494.00, 1276.20, 23, 227265.00, 1544.00, 0.00, '', 'zdjeciatrasy/61c0b50d676e52.68351873.png zdjeciatrasy/61c0b50d690c81.70017336.png', 1, '', 0, 0.00, 349.40, 12, 0),
(691, 31, 0, 90, 2, '2022-11-12 23:00:00', 669, 664, 'Upominki', 390.00, 141.50, 23, 16608.00, 0.00, 0.00, '', 'zdjeciatrasy/61c0c5b2c0bf82.30839902.png zdjeciatrasy/61c0c5b2c368a8.21521270.png', 1, '', 0, 0.00, 39.00, 8, 0),
(692, 31, 0, 90, 2, '2022-11-12 23:00:00', 664, 670, 'Upominki', 649.00, 225.80, 23, 30434.00, 0.00, 0.00, '', 'zdjeciatrasy/61c0c64b021873.89921730.png zdjeciatrasy/61c0c64b063c60.53937062.png', 1, '', 0, 0.00, 64.90, 8, 0),
(693, 8, 0, 94, 2, '2022-11-12 23:00:00', 81, 452, 'Upominki', 2559.00, 1069.00, 23, 33642.00, 1806.00, 0.00, '', 'zdjeciatrasy/61c0d1d4ed80c2.77587524.png zdjeciatrasy/61c0d1d4ee8334.75182814.png', 2, 'Nie podano.', 1, 0.00, 0.00, 8, 0),
(694, 33, 1, 107, 2, '2022-11-12 23:00:00', 582, 619, 'Upominki', 2601.00, 833.70, 19, 145948.00, 996.00, 0.00, '', 'zdjeciatrasy/61c16c95b9e629.63967570.png zdjeciatrasy/61c16c95bbed96.68497055.png', 1, '', 0, 0.00, 260.10, 12, 0),
(695, 33, 0, 94, 2, '2022-11-12 23:00:00', 170, 52, 'Upominki', 2399.00, 855.40, 23, 178827.00, 947.00, 0.00, '', 'zdjeciatrasy/61c1ba1e230295.65526377.png zdjeciatrasy/61c1ba1e2420c7.30687214.png', 1, '', 0, 0.00, 239.90, 12, 0),
(696, 31, 0, 90, 2, '2022-11-12 23:00:00', 670, 659, 'Upominki', 651.00, 224.80, 23, 30998.00, 0.00, 0.00, '', 'zdjeciatrasy/61c20219c24786.73084418.png zdjeciatrasy/61c20219c4bee0.97582524.png', 1, '', 0, 0.00, 65.10, 8, 0),
(697, 33, 1, 107, 2, '2022-11-12 23:00:00', 628, 750, 'Upominki', 2207.00, 707.70, 19, 138545.00, 641.00, 0.00, '', 'zdjeciatrasy/61c214acf20e18.68080103.png zdjeciatrasy/61c214ad000711.75278652.png', 1, '', 0, 0.00, 220.70, 12, 0),
(698, 33, 1, 101, 2, '2022-11-12 23:00:00', 591, 515, 'Upominki', 986.00, 318.00, 19, 74018.00, 342.00, 0.00, '', 'zdjeciatrasy/61c24dabc43f40.40017964.png zdjeciatrasy/61c24dabc601c3.87131033.png', 1, '', 0, 0.00, 98.60, 12, 0),
(699, 33, 0, 94, 2, '2022-11-12 23:00:00', 47, 670, 'Upominki', 3342.00, 1245.30, 23, 249853.00, 1543.00, 0.00, '', 'zdjeciatrasy/61c2d6171af389.76133509.png zdjeciatrasy/61c2d6171c8f43.46570366.png', 1, '', 0, 0.00, 334.20, 12, 0),
(700, 31, 0, 90, 2, '2022-11-12 23:00:00', 152, 184, 'Upominki', 281.00, 96.70, 23, 11437.00, 0.00, 0.00, 'w promie nie ma tego promu, którym płynąłem dam screena, którym płynąłem ', 'zdjeciatrasy/61c2f38c73f3d1.76965979.png zdjeciatrasy/61c2f38c763b92.50873163.png zdjeciatrasy/61c2f38c769af8.01823782.png', 1, '', 0, 0.00, 28.10, 8, 0),
(701, 33, 1, 108, 2, '2022-11-19 23:00:00', 750, 622, 'Upominki', 2166.00, 693.90, 19, 134750.00, 0.00, 0.00, '', 'zdjeciatrasy/61c3ab6cd54ee9.99337011.png zdjeciatrasy/61c3ab6cd64b01.19134288.png', 1, '', 0, 0.00, 216.60, 12, 0),
(702, 33, 1, 108, 2, '2022-11-19 23:00:00', 622, 559, 'Upominki', 2337.00, 749.40, 19, 146707.00, 665.00, 0.00, '', 'zdjeciatrasy/61c5bfcfd6fa58.31786497.png zdjeciatrasy/61c5bfcfd7f749.30001900.png', 1, '', 0, 0.00, 233.70, 12, 0),
(703, 32, 0, 90, 2, '2022-11-19 23:00:00', 105, 112, 'Upominki', 236.00, 77.10, 23, 15044.00, 0.00, 0.00, '', 'zdjeciatrasy/61c633d6050583.72009389.png zdjeciatrasy/61c633d6065b41.99479120.png', 1, '', 0, 0.00, 23.60, 8, 0),
(704, 32, 0, 90, 2, '2022-11-19 23:00:00', 112, 143, 'Upominki', 472.00, 153.60, 23, 34771.00, 386.00, 0.00, '', 'zdjeciatrasy/61c6351b2c5b95.76442778.png zdjeciatrasy/61c6351b2de0d7.03152790.png', 1, '', 0, 0.00, 47.20, 8, 0),
(705, 32, 0, 90, 2, '2022-11-19 23:00:00', 143, 160, 'Upominki', 447.00, 144.40, 23, 33550.00, 0.00, 0.00, '', 'zdjeciatrasy/61c636f56c9522.18844410.png zdjeciatrasy/61c636f56d9289.32130207.png', 1, '', 0, 0.00, 44.70, 8, 0),
(706, 30, 1, 105, 2, '2022-11-19 23:00:00', 575, 569, 'Upominki', 2073.00, 877.40, 19, 80273.00, 780.00, 0.00, '', 'zdjeciatrasy/61c732ef8b3f70.97808669.png zdjeciatrasy/61c732ef8cbb70.86014121.png', 1, '', 0, 0.00, 207.30, 8, 0),
(707, 31, 0, 90, 2, '2022-11-19 23:00:00', 190, 165, 'Upominki', 781.00, 269.50, 23, 34114.00, 823.00, 1.00, '', 'zdjeciatrasy/61c78169772e42.87329220.png zdjeciatrasy/61c781697902b4.52699657.png', 1, '', 0, 3.90, 78.10, 8, 0),
(708, 32, 0, 95, 2, '2022-11-19 23:00:00', 148, 107, 'Upominki', 761.00, 246.40, 23, 56928.00, 522.00, 0.00, '', 'zdjeciatrasy/61c884e5f12e86.73219163.png zdjeciatrasy/61c884e5f33f71.85671844.png', 1, '', 0, 0.00, 76.10, 8, 0),
(709, 32, 0, 96, 2, '2022-11-19 23:00:00', 107, 189, 'Upominki', 785.00, 252.60, 23, 57198.00, 0.00, 0.00, '', 'zdjeciatrasy/61c885c2d14475.75771816.png zdjeciatrasy/61c885c2d31645.47819057.png', 1, '', 0, 0.00, 78.50, 8, 0),
(710, 32, 0, 94, 2, '2022-11-19 23:00:00', 102, 14, 'Upominki', 654.00, 209.40, 23, 48127.00, 439.00, 0.00, '', 'zdjeciatrasy/61c8867fea6fe8.79343165.png zdjeciatrasy/61c8867fee0fa6.04228073.png', 1, '', 0, 0.00, 65.40, 8, 0),
(711, 32, 0, 97, 2, '2022-11-19 23:00:00', 14, 115, 'Upominki', 308.00, 99.00, 23, 23016.00, 0.00, 0.00, '', 'zdjeciatrasy/61c887373bd185.81839182.png zdjeciatrasy/61c887373e3cf3.16256638.png', 1, '', 0, 0.00, 30.80, 8, 0),
(712, 32, 0, 92, 2, '2022-11-19 23:00:00', 113, 104, 'Upominki', 258.00, 81.80, 23, 17136.00, 427.00, 0.00, '', 'zdjeciatrasy/61c88892265365.40738444.png zdjeciatrasy/61c8889226fe49.07606458.png', 1, '', 0, 0.00, 25.80, 8, 0),
(713, 31, 0, 90, 2, '2022-11-19 23:00:00', 190, 177, 'Upominki', 494.00, 159.10, 23, 22709.00, 0.00, 0.00, '', 'zdjeciatrasy/61c9c1f2469ca0.32203112.png zdjeciatrasy/61c9c1f247ceb2.86642236.png', 1, '', 0, 0.00, 49.40, 8, 0),
(714, 33, 0, 93, 2, '2022-11-19 23:00:00', 696, 165, 'Upominki', 2938.00, 1040.60, 23, 284240.00, 1283.00, 0.00, '', 'zdjeciatrasy/61c9e013496442.71457330.png zdjeciatrasy/61c9e0134b1183.39440708.png', 1, 'Naczepa do poprawy to furgon ', 0, 0.00, 293.80, 8, 0),
(715, 31, 1, 105, 2, '2022-11-19 23:00:00', 533, 539, 'Upominki', 205.00, 75.80, 19, 7132.00, 0.00, 0.00, '', 'zdjeciatrasy/61c9fd9150bdd8.52282566.png zdjeciatrasy/61c9fd91531993.02673696.png', 1, '', 0, 0.00, 20.50, 8, 0),
(716, 31, 1, 106, 2, '2022-11-19 23:00:00', 575, 569, 'Upominki', 1814.00, 670.60, 19, 70445.00, 402.00, 0.00, '', 'zdjeciatrasy/61c9fe5ed0bbf1.15087411.png zdjeciatrasy/61c9fe5ed3a726.11757050.png zdjeciatrasy/61c9fe5ed50071.62201324.png', 1, '', 0, 0.00, 181.40, 8, 0),
(717, 31, 1, 108, 2, '2022-11-19 23:00:00', 561, 507, 'Upominki', 638.00, 219.90, 19, 22455.00, 165.00, 0.00, '', 'zdjeciatrasy/61c9fec3600a52.25800270.png zdjeciatrasy/61c9fec361ea19.84802378.png zdjeciatrasy/61c9fec3628330.97869290.png', 1, '', 0, 0.00, 63.80, 8, 0),
(718, 33, 0, 95, 2, '2022-11-19 23:00:00', 101, 57, 'Upominki', 2277.00, 729.70, 23, 149657.00, 935.00, 0.00, '', 'zdjeciatrasy/61ca10613047e9.19979062.png zdjeciatrasy/61ca106131a623.18122596.png', 2, 'Nie podano.', 1, 0.00, 0.00, 8, 0),
(719, 34, 0, 97, 2, '2022-11-19 23:00:00', 57, 101, 'Upominki', 2398.00, 837.10, 23, 186743.00, 1470.00, 0.00, '', 'zdjeciatrasy/61ca111d5f11a6.04700821.png zdjeciatrasy/61ca111d60bc18.57061197.png', 1, '', 0, 0.00, 239.80, 8, 0),
(720, 34, 0, 97, 2, '2022-11-19 23:00:00', 101, 57, 'Upominki', 2147.00, 846.20, 23, 165952.00, 809.00, 2.30, 'Awis uszkodził ładunek :) ', 'zdjeciatrasy/61ca11a3336e47.40653624.png zdjeciatrasy/61ca11a3347cf1.37908695.png', 1, '', 0, 0.00, 214.70, 8, 0),
(721, 33, 0, 90, 2, '2022-11-19 23:00:00', 57, 90, 'Upominki', 985.00, 316.40, 23, 69405.00, 0.00, 0.00, '', 'zdjeciatrasy/61ca23cb1f73d6.74386217.png zdjeciatrasy/61ca23cb20f3f6.52607665.png', 0, 'Naczepa do poprawy, to jest furgon ', 0, 0.00, 0.00, 8, 0),
(722, 31, 1, 108, 2, '2022-11-19 23:00:00', 624, 564, 'Upominki', 776.00, 267.80, 19, 28331.00, 0.00, 0.00, '', 'zdjeciatrasy/61ca27969ec339.50098299.png zdjeciatrasy/61ca2796a0f933.34910719.png', 1, '', 0, 0.00, 77.60, 8, 0),
(723, 34, 1, 113, 2, '2022-11-19 23:00:00', 628, 570, 'Upominki', 1169.00, 508.00, 19, 51796.00, 653.00, 0.00, 'pozdrawiam! ', 'zdjeciatrasy/61ca35e4211128.46797441.png zdjeciatrasy/61ca35e4228cc3.08304430.png', 1, '', 0, 0.00, 116.90, 8, 0),
(724, 8, 0, 92, 2, '2022-11-19 23:00:00', 101, 57, 'Upominki', 2150.00, 904.50, 23, 182474.00, 1156.00, 0.00, 'Weź się za robot Dyspozytor !', 'zdjeciatrasy/61ca532626e015.85527996.png zdjeciatrasy/61ca5326285982.83916177.png', 0, '', 0, 0.00, 0.00, 4, 0),
(725, 8, 0, 90, 2, '2022-11-19 23:00:00', 57, 90, 'Upominki', 974.00, 427.60, 23, 84282.00, 0.00, 0.00, '', 'zdjeciatrasy/61ca53a8c78e04.13295386.png zdjeciatrasy/61ca53a8c8ef06.27303623.png', 1, '', 0, 0.00, 146.10, 8, 0),
(726, 8, 0, 95, 2, '2022-11-19 23:00:00', 90, 700, 'Upominki', 1990.00, 927.60, 23, 165933.00, 1170.00, 1.20, '', 'zdjeciatrasy/61ca54032672a3.70583783.png zdjeciatrasy/61ca5403281560.56824354.png', 2, 'fgh', 1, 0.39, 298.50, 8, 0),
(727, 18, 0, 95, 2, '2022-11-19 23:00:00', 102, 89, 'Upominki', 1446.00, 601.60, 23, 103115.00, 0.00, 0.00, '', 'zdjeciatrasy/61caf6b66232b0.71636023.png zdjeciatrasy/61caf6b66429d2.90231341.png', 1, '', 0, 0.00, 0.00, 4, 0),
(728, 34, 0, 94, 2, '2022-11-19 23:00:00', 38, 153, 'Upominki', 2703.00, 933.50, 23, 176975.00, 1836.00, 3.30, 'gra wyrzuciła mnie w kosmos dlatego uszkodzenia :( ', 'zdjeciatrasy/61cb1fe32a7ae4.26898142.png zdjeciatrasy/61cb1fe32b3592.74665837.png', 1, '', 0, 0.00, 0.00, 8, 0),
(729, 31, 1, 100, 0, '2022-11-19 23:00:00', 633, 557, 'Sprzęt biurowy', 800.00, 278.60, 16, 13772.00, 720.00, 0.00, 'ogółem tu tego bagno jechałem do Bralorne czy jakoś tak na promodsie więc nie ma tego na systemie A naczepa zabudowana', 'zdjeciatrasy/61cb3e56d03718.05343595.png zdjeciatrasy/61cb3e56d24b65.06372309.png', 1, '', 0, 0.00, 0.00, 4, 0),
(730, 33, 0, 95, 2, '2022-11-19 23:00:00', 165, 693, 'Upominki', 3706.00, 1376.50, 23, 277641.00, 1369.00, 0.00, '', 'zdjeciatrasy/61cb5e5990c9b4.83780334.png zdjeciatrasy/61cb5e5992c412.37482847.png', 1, '', 0, 0.00, 0.00, 8, 0),
(731, 34, 0, 95, 2, '2022-11-19 23:00:00', 30, 695, 'Upominki', 1275.00, 450.40, 23, 97266.00, 0.00, 0.00, '', 'zdjeciatrasy/61cb72acb204c6.64221348.png zdjeciatrasy/61cb72acb30121.98437204.png', 1, '', 0, 0.00, 0.00, 8, 0),
(732, 1, 0, 66, 1, '2022-11-19 23:00:00', 101, 110, 'fdsfds', 55.00, 33.00, 11, 77.00, 44.00, 22.00, 'kk', '/img/trasy/zdjTrasy-1660163613456.png', 1, '', 0, 32.00, 16.50, 18, 0),
(735, 1, 1, 66, 2, '2022-11-20 00:00:00', 611, 597, 'ats', 55.00, 33.00, 11, 77.00, 44.00, 22.00, 'kk ats', '', 0, '', 0, 0.00, 0.00, 38, 1),
(736, 1, 1, 66, 1, '2022-11-19 23:00:00', 759, 556, 'ttt', 55.00, 33.00, 11, 77.00, 44.00, 22.00, 'sad asgasdfg dgf ', '/img/trasy/zdjTrasy-1660164408683.jpg', 0, '', 0, 0.00, 0.00, 36, 0),
(746, 1, 0, 99, 2, '2022-12-09 17:58:00', 115, 157, 'fghjmbn', 764.00, 32.00, 11, 56755.00, 9.00, 0.00, '', '', 1, '', 0, 0.00, 229.20, 40, 1),
(747, 1, 1, 111, 1, '2023-01-14 19:02:00', 535, 591, 'dsfacvx', 134.00, 11.00, 22, 34345.00, 32.00, 4.00, NULL, '', 1, '', 0, 323.00, 40.20, 34, 0),
(748, 1, 0, 32, 1, '2023-01-17 18:42:00', 481, 490, 'teeest', 555.00, 66.00, 43, 545445.00, 344.00, 2.00, 'test kom', '/img/trasy/zdjTrasy-1673977464415.png', 1, '', 0, 0.00, 166.50, 38, 0),
(749, 35, 0, 95, 0, '2022-11-17 18:55:00', 101, 104, 'Krowy', 489.00, 120.00, 23, 2500.00, 960.00, 0.00, NULL, '', 2, 'Duże spalanie', 1, 0.00, 0.00, 38, 0),
(750, 35, 0, 98, 0, '2022-12-22 19:01:00', 17, 150, 'samochody', 1691.00, 450.00, 22, 4000.00, 2250.00, 2.00, NULL, '', 1, '', 0, 500.00, 169.10, 36, 0),
(751, 35, 0, 101, 0, '2023-01-03 19:09:00', 226, 177, 'Mrozonki', 2363.00, 575.00, 35, 12999.00, 5744.00, 0.00, NULL, '', 1, '', 0, 0.00, 236.30, 18, 0),
(752, 36, 0, 90, 0, '2023-11-23 18:30:00', 10, 101, 'Bydło', 1011.00, 1238.00, 7, 1200.00, 9557.00, 0.00, 'Trasa przebiegła prawidłowo.', '/img/trasy/zdjTrasy-1673985060388.jpg', 1, '', 0, 0.00, 101.10, 38, 0),
(753, 36, 0, 90, 1, '2022-12-21 05:30:00', 102, 103, 'Żwir', 21.40, 7.20, 30, 500.00, 55.12, 0.00, 'Zlecenie przebiegło prawidłowo.', '/img/trasy/zdjTrasy-1673985271087.jpg', 0, '', 0, 0.00, 0.00, 39, 0),
(754, 36, 0, 90, 1, '2023-01-05 13:20:00', 170, 107, 'Szkło', 334.00, 113.56, 18, 890.00, 876.00, 0.00, 'Zlecenie przebiegło prawidłowo.', '/img/trasy/zdjTrasy-1673985495606.jpg', 2, 'Niezgodność w zarobku. Do poprawy.', 1, 0.00, 0.00, 37, 0),
(755, 36, 0, 90, 1, '2023-01-09 21:00:00', 396, 108, 'Cement', 385.00, 131.00, 23, 600.00, 1010.00, 0.00, 'Trasa przebiegła pomyślnie.', '/img/trasy/zdjTrasy-1673985868500.jpg', 2, 'Trasa nie miała miejsca.', 0, 0.00, 0.00, 32, 0),
(756, 35, 0, 95, 0, '2023-01-31 21:26:00', 163, 676, 'Szkło', 4301.00, 800.00, 24, 25000.00, 6500.00, 0.00, NULL, '', 1, '', 0, 0.00, 430.10, 37, 0),
(757, 35, 0, 95, 0, '2023-01-05 21:30:00', 676, 163, 'Szkło', 4301.00, 800.00, 5, 25000.00, 6500.00, 0.00, NULL, '', 1, '', 0, 0.00, 430.10, 37, 0);

-- --------------------------------------------------------

--
-- Struktura tabeli dla tabeli `trasyprompociag`
--

CREATE TABLE `trasyprompociag` (
  `id` int(11) NOT NULL,
  `idtrasa` int(11) NOT NULL,
  `idprompociag` int(11) NOT NULL
) ENGINE=InnoDB DEFAULT CHARSET=utf8mb4;

--
-- Zrzut danych tabeli `trasyprompociag`
--

INSERT INTO `trasyprompociag` (`id`, `idtrasa`, `idprompociag`) VALUES
(234, 56, 2),
(235, 138, 2),
(236, 165, 3),
(237, 68, 5),
(238, 147, 5),
(239, 242, 5),
(240, 246, 5),
(241, 127, 14),
(242, 128, 14),
(243, 130, 14),
(244, 124, 15),
(245, 244, 17),
(246, 247, 17),
(247, 217, 19),
(248, 250, 21),
(249, 267, 21),
(250, 270, 21),
(251, 203, 22),
(252, 206, 22),
(253, 192, 27),
(254, 193, 27),
(255, 195, 27),
(256, 229, 27),
(257, 290, 27),
(258, 196, 33),
(259, 268, 33),
(260, 271, 33),
(261, 241, 51),
(262, 289, 51),
(263, 313, 51),
(264, 314, 51),
(265, 191, 55),
(266, 194, 55),
(267, 315, 55),
(268, 188, 56),
(269, 189, 56),
(270, 205, 56),
(271, 208, 56),
(272, 236, 56),
(273, 297, 57),
(274, 276, 62),
(275, 296, 62),
(276, 181, 66),
(277, 325, 68),
(278, 329, 68),
(290, 333, 10),
(292, 335, 10),
(293, 336, 61),
(294, 338, 61),
(295, 337, 10),
(298, 339, 163),
(299, 339, 59),
(300, 340, 163),
(301, 340, 59),
(302, 341, 10),
(303, 352, 37),
(304, 355, 55),
(306, 357, 29),
(308, 356, 29),
(312, 358, 29),
(318, 361, 118),
(319, 371, 12),
(320, 369, 12),
(321, 386, 48),
(322, 389, 12),
(323, 389, 79),
(324, 394, 44),
(325, 395, 44),
(326, 396, 56),
(327, 397, 56),
(328, 398, 44),
(329, 407, 62),
(331, 410, 95),
(332, 410, 103),
(333, 410, 12),
(334, 411, 12),
(335, 411, 95),
(336, 411, 103),
(337, 409, 62),
(340, 412, 95),
(341, 412, 103),
(344, 424, 139),
(346, 423, 139),
(347, 421, 105),
(349, 425, 139),
(352, 426, 139),
(353, 427, 105),
(354, 428, 29),
(357, 429, 155),
(358, 429, 144),
(359, 430, 155),
(360, 430, 144),
(361, 433, 155),
(362, 433, 142),
(363, 440, 9),
(364, 442, 106),
(365, 443, 153),
(366, 443, 144),
(367, 447, 12),
(368, 447, 77),
(369, 448, 84),
(370, 448, 82),
(371, 448, 11),
(372, 449, 12),
(373, 449, 77),
(374, 450, 84),
(375, 450, 82),
(376, 450, 11),
(377, 453, 10),
(378, 454, 10),
(380, 455, 10),
(382, 465, 47),
(383, 465, 29),
(384, 466, 47),
(385, 466, 29),
(386, 467, 29),
(387, 467, 47),
(388, 468, 47),
(389, 472, 29),
(392, 475, 28),
(394, 482, 29),
(395, 476, 29),
(396, 474, 27),
(397, 477, 29),
(399, 487, 11),
(400, 490, 11),
(401, 493, 139),
(402, 504, 67),
(404, 540, 62),
(405, 542, 62),
(408, 554, 12),
(409, 555, 74),
(410, 539, 62),
(413, 548, 137),
(414, 548, 139),
(415, 571, 140),
(416, 572, 106),
(417, 583, 34),
(418, 584, 33),
(419, 585, 12),
(422, 588, 81),
(423, 588, 83),
(425, 600, 12),
(426, 608, 29),
(427, 608, 33),
(428, 616, 164),
(429, 618, 61),
(430, 622, 46),
(431, 623, 46),
(432, 624, 45),
(433, 624, 58),
(434, 625, 45),
(435, 625, 58),
(436, 630, 68),
(437, 633, 68),
(438, 634, 67),
(439, 635, 68),
(440, 636, 67),
(441, 639, 68),
(442, 642, 34),
(443, 643, 33),
(444, 650, 51),
(445, 657, 27),
(446, 658, 29),
(447, 658, 33),
(448, 671, 68),
(449, 671, 20),
(451, 673, 68),
(452, 672, 68),
(455, 688, 51),
(456, 683, 16),
(457, 693, 67),
(460, 700, 52),
(462, 704, 122),
(463, 708, 44),
(465, 714, 42),
(494, 322, 19),
(495, 322, 5),
(496, 322, 14),
(497, 732, 16),
(499, 736, 139),
(502, 737, 12),
(504, 743, 21),
(505, 748, 10),
(506, 748, 17),
(507, 748, 16),
(508, 42, 3),
(509, 42, 19),
(510, 735, 20);

-- --------------------------------------------------------

--
-- Struktura tabeli dla tabeli `typkonta`
--

CREATE TABLE `typkonta` (
  `id` int(11) NOT NULL,
  `nazwa` varchar(25) NOT NULL
) ENGINE=InnoDB DEFAULT CHARSET=utf8mb4;

--
-- Zrzut danych tabeli `typkonta`
--

INSERT INTO `typkonta` (`id`, `nazwa`) VALUES
(1, 'Właściciel'),
(2, 'V-c Szef'),
(3, 'Dyspozytor'),
(4, 'Król Szos'),
(5, 'Kierowca Wyjadacz'),
(6, 'Kierowca Gabarytów'),
(7, 'Zaawansowany Kierowca'),
(8, 'Kierowca'),
(9, 'Początkujący Kierowca'),
(10, 'Kierowca Podwójnej Obsady'),
(11, 'Rekrut'),
(12, 'Stażysta'),
(13, 'Żółtodziób');

-- --------------------------------------------------------

--
-- Struktura tabeli dla tabeli `typyuprawnien`
--

CREATE TABLE `typyuprawnien` (
  `id` int(11) NOT NULL,
  `nazwa` varchar(60) NOT NULL
) ENGINE=InnoDB DEFAULT CHARSET=utf8mb4;

--
-- Zrzut danych tabeli `typyuprawnien`
--

INSERT INTO `typyuprawnien` (`id`, `nazwa`) VALUES
(40, 'ADR'),
(18, 'Chłodnia B-Duble'),
(19, 'Chłodnia HTC'),
(17, 'Chłodnia podwójna'),
(16, 'Chłodnia pojedyncza'),
(32, 'Cysterna/Cement'),
(38, 'Do przewozu bydła'),
(37, 'Do przewozu szkła'),
(6, 'Firanka B-Duble'),
(7, 'Firanka HTC'),
(5, 'Firanka podwójna'),
(4, 'Firanka pojedyncza'),
(10, 'Furgon B-Duble'),
(11, 'Furgon HTC'),
(9, 'Furgon podwójny'),
(8, 'Furgon pojedynczy'),
(14, 'Izoterma B-Duble'),
(15, 'Izoterma HTC'),
(13, 'Izoterma podwójna'),
(12, 'Izoterma pojedyncza'),
(35, 'Kat. C+E'),
(30, 'Kłonicówka B-Duble'),
(31, 'Kłonicówka HTC'),
(29, 'Kłonicówka podwójna'),
(28, 'Kłonicówka pojedyncza'),
(36, 'Lora'),
(33, 'Niskopodwoziowa'),
(34, 'Niskopodłogowa'),
(20, 'Platforma'),
(22, 'Platforma na kontenery'),
(21, 'Platforma z skrzynią'),
(23, 'Platforma z skrzynią HDS'),
(26, 'Podkontenerówka B-Duble'),
(27, 'Podkontenerówka HTC'),
(25, 'Podkontenerówka podwójna'),
(24, 'Podkontenerówka pojedyncza'),
(39, 'Wywrotka');

-- --------------------------------------------------------

--
-- Struktura tabeli dla tabeli `uprawnienia`
--

CREATE TABLE `uprawnienia` (
  `id` int(11) NOT NULL,
  `kto` int(11) NOT NULL,
  `naco` int(11) NOT NULL,
  `dokiedy` date NOT NULL,
  `cena` double(10,2) NOT NULL,
  `odkiedy` date NOT NULL DEFAULT current_timestamp()
) ENGINE=InnoDB DEFAULT CHARSET=utf8mb4;

--
-- Zrzut danych tabeli `uprawnienia`
--

INSERT INTO `uprawnienia` (`id`, `kto`, `naco`, `dokiedy`, `cena`, `odkiedy`) VALUES
(28, 1, 8, '2021-05-21', 100.00, '2021-04-21'),
(29, 10, 35, '2021-05-31', 500.00, '2021-05-03'),
(31, 8, 35, '2021-05-04', 1000.00, '2021-05-03'),
(33, 8, 11, '2021-05-20', 100.00, '2021-05-06'),
(40, 8, 4, '2021-08-31', 0.00, '2021-06-30'),
(41, 8, 8, '2021-08-31', 0.00, '2021-06-30'),
(42, 8, 12, '2021-08-31', 0.00, '2021-06-30'),
(43, 23, 4, '2021-08-31', 0.00, '2021-06-30'),
(44, 23, 8, '2021-08-31', 0.00, '2021-06-30'),
(45, 23, 12, '2021-08-31', 0.00, '2021-06-30'),
(61, 10, 4, '2021-08-31', 0.00, '2021-06-30'),
(62, 10, 8, '2021-08-31', 0.00, '2021-06-30'),
(63, 10, 12, '2021-08-31', 0.00, '2021-06-30'),
(64, 15, 4, '2021-08-31', 0.00, '2021-06-30'),
(65, 15, 8, '2021-08-31', 0.00, '2021-06-30'),
(66, 15, 12, '2021-08-31', 0.00, '2021-06-30'),
(67, 18, 4, '2021-08-31', 0.00, '2021-06-30'),
(68, 18, 8, '2021-08-31', 0.00, '2021-06-30'),
(69, 18, 12, '2021-08-31', 0.00, '2021-06-30'),
(72, 8, 35, '2021-08-31', 0.00, '2021-06-30'),
(73, 23, 35, '2021-08-31', 0.00, '2021-06-30'),
(79, 10, 35, '2021-08-31', 0.00, '2021-06-30'),
(80, 15, 35, '2021-08-31', 0.00, '2021-06-30'),
(81, 18, 35, '2021-08-31', 0.00, '2021-06-30'),
(90, 10, 35, '2021-08-31', 0.00, '2021-07-18'),
(91, 8, 35, '2021-08-31', 0.00, '2021-07-18'),
(92, 1, 35, '2021-07-30', 0.00, '2021-07-21'),
(93, 1, 32, '2021-07-23', 21.37, '2021-07-21'),
(94, 8, 4, '2021-09-30', 400.00, '2021-08-30'),
(95, 8, 8, '2021-09-30', 0.00, '2021-08-30'),
(96, 8, 12, '2021-09-30', 0.00, '2021-08-30'),
(97, 8, 35, '2021-09-30', 600.00, '2021-08-30'),
(98, 23, 4, '2021-09-30', 400.00, '2021-08-30'),
(99, 23, 8, '2021-09-30', 0.00, '2021-08-30'),
(100, 23, 12, '2021-09-30', 0.00, '2021-08-30'),
(101, 23, 35, '2021-09-30', 600.00, '2021-08-30'),
(106, 10, 4, '2021-09-30', 400.00, '2021-08-30'),
(107, 10, 8, '2021-09-30', 0.00, '2021-08-30'),
(108, 10, 12, '2021-09-30', 0.00, '2021-08-30'),
(109, 10, 35, '2021-09-30', 600.00, '2021-08-30'),
(110, 15, 4, '2021-09-30', 400.00, '2021-08-30'),
(111, 15, 8, '2021-09-30', 0.00, '2021-08-30'),
(112, 15, 12, '2021-09-30', 0.00, '2021-08-30'),
(113, 15, 35, '2021-09-30', 600.00, '2021-08-30'),
(114, 18, 4, '2021-09-30', 400.00, '2021-08-30'),
(115, 18, 8, '2021-09-30', 0.00, '2021-08-30'),
(116, 18, 12, '2021-09-30', 0.00, '2021-08-30'),
(117, 18, 35, '2021-09-30', 600.00, '2021-08-30'),
(118, 23, 4, '2021-12-30', 1300.00, '2021-09-21'),
(119, 23, 8, '2021-12-30', 0.00, '2021-09-21'),
(120, 23, 12, '2021-12-30', 0.00, '2021-09-21'),
(121, 23, 35, '2022-03-30', 3000.00, '2021-09-21'),
(122, 8, 4, '2021-12-30', 1300.00, '2021-09-21'),
(123, 8, 8, '2021-12-30', 0.00, '2021-09-21'),
(124, 8, 12, '2021-12-30', 0.00, '2021-09-21'),
(125, 8, 35, '2022-03-30', 3000.00, '2021-09-21'),
(126, 15, 35, '2021-12-31', 1700.00, '2021-09-29'),
(127, 15, 4, '2021-11-30', 700.00, '2021-09-29'),
(128, 15, 8, '2021-11-30', 0.00, '2021-09-29'),
(129, 15, 12, '2021-11-30', 0.00, '2021-09-29'),
(130, 10, 35, '2021-10-31', 300.00, '2021-09-29'),
(131, 10, 4, '2021-11-30', 350.00, '2021-09-29'),
(132, 10, 8, '2021-11-30', 0.00, '2021-09-29'),
(133, 10, 13, '2021-11-30', 0.00, '2021-09-29'),
(134, 8, 33, '2021-10-31', 0.00, '2021-10-03'),
(135, 8, 34, '2021-10-31', 0.00, '2021-10-03'),
(136, 23, 33, '2021-10-31', 0.00, '2021-10-03'),
(137, 23, 34, '2021-10-31', 0.00, '2021-10-03'),
(138, 10, 33, '2021-10-31', 0.00, '2021-10-03'),
(139, 10, 34, '2021-10-31', 0.00, '2021-10-03'),
(140, 15, 33, '2021-10-31', 0.00, '2021-10-03'),
(141, 15, 34, '2021-10-31', 0.00, '2021-10-03'),
(142, 18, 33, '2021-10-31', 0.00, '2021-10-03'),
(143, 18, 34, '2021-10-31', 0.00, '2021-10-03'),
(144, 8, 24, '2022-01-04', 3300.00, '2021-10-04'),
(145, 18, 35, '2021-11-30', 600.00, '2021-10-05'),
(146, 18, 4, '2021-11-30', 400.00, '2021-10-05'),
(147, 18, 8, '2021-11-30', 0.00, '2021-10-05'),
(148, 18, 12, '2021-11-30', 0.00, '2021-10-05'),
(158, 30, 4, '2021-11-11', 0.00, '2021-10-11'),
(159, 30, 8, '2021-11-11', 0.00, '2021-10-11'),
(160, 30, 12, '2021-11-11', 0.00, '2021-10-11'),
(161, 30, 35, '2021-11-11', 0.00, '2021-10-11'),
(162, 30, 24, '2021-11-11', 0.00, '2021-10-11'),
(163, 30, 33, '2021-10-31', 0.00, '2021-10-11'),
(164, 30, 34, '2021-10-31', 0.00, '2021-10-11'),
(165, 30, 16, '2021-11-11', 0.00, '2021-10-11'),
(166, 8, 40, '2021-12-11', 800.00, '2021-10-11'),
(167, 31, 35, '2021-11-16', 0.00, '2021-10-16'),
(168, 31, 16, '2021-11-16', 0.00, '2021-10-16'),
(169, 31, 4, '2021-11-16', 0.00, '2021-10-16'),
(170, 31, 8, '2021-11-16', 0.00, '2021-10-16'),
(171, 31, 12, '2021-11-16', 0.00, '2021-10-16'),
(172, 31, 33, '2021-10-31', 0.00, '2021-10-16'),
(173, 31, 34, '2021-10-31', 0.00, '2021-10-16'),
(174, 30, 4, '2022-01-28', 1300.00, '2021-10-28'),
(175, 30, 8, '2022-01-28', 0.00, '2021-10-28'),
(176, 30, 12, '2022-01-28', 0.00, '2021-10-28'),
(177, 30, 35, '2022-04-28', 3000.00, '2021-10-28'),
(178, 30, 33, '2022-02-13', 5300.00, '2021-11-13'),
(179, 30, 34, '2022-02-13', 0.00, '2021-11-13'),
(180, 33, 16, '2021-12-20', 0.00, '2021-11-20'),
(181, 33, 4, '2021-12-20', 0.00, '2021-11-20'),
(182, 33, 8, '2021-12-20', 0.00, '2021-11-20'),
(183, 33, 12, '2021-12-20', 0.00, '2021-11-20'),
(184, 33, 35, '2021-12-20', 0.00, '2021-11-20'),
(185, 33, 24, '2021-12-20', 0.00, '2021-11-20'),
(186, 31, 4, '2022-01-21', 700.00, '2021-11-21'),
(187, 31, 8, '2022-01-21', 0.00, '2021-11-21'),
(188, 31, 12, '2022-01-21', 0.00, '2021-11-21'),
(189, 31, 35, '2021-12-21', 600.00, '2021-11-21'),
(190, 32, 16, '2021-12-03', 0.00, '2021-11-28'),
(191, 32, 4, '2021-12-03', 0.00, '2021-11-28'),
(192, 32, 8, '2021-12-03', 0.00, '2021-11-28'),
(193, 32, 12, '2021-12-03', 0.00, '2021-11-28'),
(194, 32, 35, '2021-12-03', 0.00, '2021-11-28'),
(195, 32, 24, '2021-12-03', 0.00, '2021-11-28'),
(196, 33, 40, '2022-03-03', 1200.00, '2021-12-03'),
(197, 33, 24, '2022-03-03', 3300.00, '2021-12-03'),
(198, 33, 35, '2022-06-03', 3000.00, '2021-12-03'),
(199, 33, 24, '2022-03-20', 0.00, '2021-12-03'),
(200, 33, 35, '2022-06-20', 0.00, '2021-12-03'),
(201, 33, 4, '2022-01-20', 400.00, '2021-12-03'),
(202, 33, 8, '2022-01-20', 0.00, '2021-12-03'),
(203, 33, 12, '2022-01-20', 0.00, '2021-12-03'),
(204, 10, 4, '2022-01-04', 400.00, '2021-12-04'),
(205, 10, 8, '2022-01-04', 0.00, '2021-12-04'),
(206, 10, 12, '2022-01-04', 0.00, '2021-12-04'),
(207, 10, 35, '2022-01-04', 600.00, '2021-12-04'),
(209, 8, 16, '2022-02-04', 0.00, '2021-12-04'),
(210, 32, 4, '2022-01-05', 400.00, '2021-12-05'),
(211, 32, 8, '2022-01-05', 0.00, '2021-12-05'),
(212, 32, 12, '2022-01-05', 0.00, '2021-12-05'),
(213, 32, 35, '2022-01-05', 600.00, '2021-12-05'),
(214, 15, 35, '2022-03-05', 2300.00, '2021-12-05'),
(215, 15, 4, '2022-02-05', 1300.00, '2021-12-05'),
(216, 15, 8, '2022-02-05', 0.00, '2021-12-05'),
(217, 15, 12, '2022-02-05', 0.00, '2021-12-05'),
(218, 18, 4, '2022-02-05', 1300.00, '2021-12-05'),
(219, 18, 8, '2022-02-05', 0.00, '2021-12-05'),
(220, 18, 12, '2022-02-05', 0.00, '2021-12-05'),
(221, 18, 35, '2022-02-05', 1700.00, '2021-12-05'),
(222, 33, 16, '2022-01-05', 800.00, '2021-12-05'),
(223, 33, 20, '2022-01-10', 1700.00, '2021-12-10'),
(224, 33, 33, '2022-01-10', 2400.00, '2021-12-10'),
(225, 33, 34, '2022-01-10', 0.00, '2021-12-10'),
(226, 33, 16, '2022-01-20', 0.00, '2021-12-10'),
(227, 8, 40, '2022-03-15', 1200.00, '2021-12-15'),
(228, 31, 35, '2022-01-21', 600.00, '2021-12-20'),
(230, 34, 4, '2022-01-27', 0.00, '2021-12-27'),
(231, 34, 8, '2022-01-27', 0.00, '2021-12-27'),
(232, 34, 12, '2022-01-27', 0.00, '2021-12-27'),
(233, 34, 35, '2022-01-27', 0.00, '2021-12-27'),
(235, 8, 4, '2022-03-30', 1300.00, '2021-12-28'),
(236, 8, 8, '2022-03-30', 0.00, '2021-12-28'),
(237, 8, 12, '2022-03-30', 0.00, '2021-12-28'),
(243, 32, 11, '2022-09-02', 54.00, '2022-08-30'),
(244, 32, 11, '2022-09-23', 54.00, '2022-08-30'),
(245, 30, 9, '2022-08-26', 342.00, '2022-08-30'),
(246, 32, 12, '2022-09-02', 77.00, '2022-08-30'),
(247, 1, 5, '2022-09-01', 656.00, '2022-08-30'),
(248, 1, 33, '2022-10-29', 3434433.00, '2022-10-27'),
(249, 36, 35, '2022-11-30', 453.00, '2022-11-30'),
(251, 36, 40, '2030-01-12', -1500.00, '2022-12-08'),
(252, 35, 33, '2030-01-12', -1500.00, '2022-12-08'),
(253, 33, 19, '2022-12-09', 300.00, '2022-12-08'),
(254, 1, 36, '2023-01-20', 32.00, '2023-01-12');

-- --------------------------------------------------------

--
-- Struktura tabeli dla tabeli `ustawienia`
--

CREATE TABLE `ustawienia` (
  `id` int(11) NOT NULL,
  `nazwa` varchar(60) NOT NULL,
  `wartosc` varchar(1000) NOT NULL
) ENGINE=InnoDB DEFAULT CHARSET=utf8mb4;

--
-- Zrzut danych tabeli `ustawienia`
--

INSERT INTO `ustawienia` (`id`, `nazwa`, `wartosc`) VALUES
(1, 'limit_km', '2500'),
(2, 'informacja', 'To jest przykładowa ważna informacja wyświetlająca się na stronie głównej u góóóóóry. Pozdrawiamy :D');

-- --------------------------------------------------------

--
-- Struktura tabeli dla tabeli `winiety`
--

CREATE TABLE `winiety` (
  `id` int(11) NOT NULL,
  `kraj` varchar(35) NOT NULL,
  `cena` double(10,2) NOT NULL
) ENGINE=InnoDB DEFAULT CHARSET=utf8mb4;

--
-- Zrzut danych tabeli `winiety`
--

INSERT INTO `winiety` (`id`, `kraj`, `cena`) VALUES
(1, 'Albania', 10.00),
(2, 'Andorra', 10.00),
(3, 'Austria', 10.00),
(4, 'Belgia', 10.00),
(5, 'Bośnia i Hercegowina', 10.00),
(6, 'Bułgaria', 10.00),
(7, 'Chorwacja', 10.00),
(8, 'Cypr', 10.00),
(9, 'Czarnogóra', 10.00),
(10, 'Czechy', 10.00),
(11, 'Dania', 10.00),
(12, 'Estonia', 10.00),
(13, 'Finlandia', 10.00),
(14, 'Francja', 10.00),
(15, 'Grecja', 10.00),
(16, 'Gruzja', 10.00),
(17, 'Hiszpania', 10.00),
(18, 'Holandia', 10.00),
(19, 'Irak', 10.00),
(20, 'Irlandia', 10.00),
(21, 'Islandia', 10.00),
(22, 'Jersey', 10.00),
(23, 'Jordan', 10.00),
(24, 'Liechtenstein', 10.00),
(25, 'Litwa', 10.00),
(26, 'Luksemburg', 10.00),
(27, 'Mołdawia', 10.00),
(28, 'Niemcy', 10.00),
(29, 'Norwegia', 10.00),
(30, 'Polska', 10.00),
(31, 'Portugalia', 10.00),
(32, 'Północna Macedonia', 10.00),
(33, 'Rosja', 10.00),
(34, 'Rumunia', 10.00),
(35, 'Serbia', 10.00),
(36, 'Szwajcaria', 10.00),
(37, 'Szwecja', 10.00),
(38, 'Słowacja', 10.00),
(39, 'Słowenia', 10.00),
(40, 'Turcja', 10.00),
(41, 'Ukraina', 10.00),
(42, 'Węgry', 10.00),
(43, 'Wielka Brytania', 10.00),
(44, 'Wyspa Man', 10.00),
(45, 'Wyspy Alandzkie', 10.00),
(46, 'Wyspy Owcze', 10.00),
(47, 'Włochy', 10.00),
(48, 'Łotwa', 10.00);

-- --------------------------------------------------------

--
-- Struktura tabeli dla tabeli `wykroczenia`
--

CREATE TABLE `wykroczenia` (
  `id` int(11) NOT NULL,
  `nazwa` varchar(30) NOT NULL
) ENGINE=InnoDB DEFAULT CHARSET=utf8mb4;

--
-- Zrzut danych tabeli `wykroczenia`
--

INSERT INTO `wykroczenia` (`id`, `nazwa`) VALUES
(1, 'Czerwone światło'),
(2, 'Przekroczenie prędkości'),
(3, 'Brak świateł'),
(4, 'Wypadek'),
(5, 'Jazda pod prąd'),
(6, 'Brak paliwa'),
(7, 'Inne');

--
-- Indeksy dla zrzutów tabel
--

--
-- Indeksy dla tabeli `dodawaniekwoty`
--
ALTER TABLE `dodawaniekwoty`
  ADD PRIMARY KEY (`id`),
  ADD KEY `komu` (`komu`),
  ADD KEY `kto` (`kto`);

--
-- Indeksy dla tabeli `dysphistoria`
--
ALTER TABLE `dysphistoria`
  ADD PRIMARY KEY (`id`),
  ADD UNIQUE KEY `id` (`id`),
  ADD KEY `kto` (`kto`),
  ADD KEY `trasa` (`trasa`);

--
-- Indeksy dla tabeli `incydenty`
--
ALTER TABLE `incydenty`
  ADD PRIMARY KEY (`id`),
  ADD KEY `kto` (`kto`),
  ADD KEY `gdzie` (`gdzie`),
  ADD KEY `wykroczenie` (`wykroczenie`);

--
-- Indeksy dla tabeli `konta`
--
ALTER TABLE `konta`
  ADD PRIMARY KEY (`id`),
  ADD UNIQUE KEY `login` (`login`),
  ADD KEY `typkonta` (`typkonta`),
  ADD KEY `id` (`id`);

--
-- Indeksy dla tabeli `kupionewiniety`
--
ALTER TABLE `kupionewiniety`
  ADD PRIMARY KEY (`id`);

--
-- Indeksy dla tabeli `miejscowosci`
--
ALTER TABLE `miejscowosci`
  ADD PRIMARY KEY (`id`),
  ADD KEY `id` (`id`);

--
-- Indeksy dla tabeli `notatkiprofilowe`
--
ALTER TABLE `notatkiprofilowe`
  ADD PRIMARY KEY (`id`),
  ADD KEY `kto` (`kto`),
  ADD KEY `komu` (`komu`),
  ADD KEY `id` (`id`);

--
-- Indeksy dla tabeli `podwyzka`
--
ALTER TABLE `podwyzka`
  ADD PRIMARY KEY (`id`);

--
-- Indeksy dla tabeli `prompociag`
--
ALTER TABLE `prompociag`
  ADD PRIMARY KEY (`id`);

--
-- Indeksy dla tabeli `rekrutacja`
--
ALTER TABLE `rekrutacja`
  ADD PRIMARY KEY (`id`),
  ADD UNIQUE KEY `id` (`id`);

--
-- Indeksy dla tabeli `trasy`
--
ALTER TABLE `trasy`
  ADD PRIMARY KEY (`id`),
  ADD KEY `id` (`id`),
  ADD KEY `kto` (`kto`),
  ADD KEY `od` (`od`),
  ADD KEY `do` (`do`);

--
-- Indeksy dla tabeli `trasyprompociag`
--
ALTER TABLE `trasyprompociag`
  ADD PRIMARY KEY (`id`);

--
-- Indeksy dla tabeli `typkonta`
--
ALTER TABLE `typkonta`
  ADD PRIMARY KEY (`id`),
  ADD KEY `id` (`id`);

--
-- Indeksy dla tabeli `typyuprawnien`
--
ALTER TABLE `typyuprawnien`
  ADD PRIMARY KEY (`id`),
  ADD UNIQUE KEY `nazwa` (`nazwa`),
  ADD KEY `id` (`id`);

--
-- Indeksy dla tabeli `uprawnienia`
--
ALTER TABLE `uprawnienia`
  ADD PRIMARY KEY (`id`),
  ADD KEY `kto` (`kto`),
  ADD KEY `naco` (`naco`);

--
-- Indeksy dla tabeli `ustawienia`
--
ALTER TABLE `ustawienia`
  ADD PRIMARY KEY (`id`),
  ADD UNIQUE KEY `nazwa` (`nazwa`);

--
-- Indeksy dla tabeli `winiety`
--
ALTER TABLE `winiety`
  ADD PRIMARY KEY (`id`),
  ADD UNIQUE KEY `kraj` (`kraj`);

--
-- Indeksy dla tabeli `wykroczenia`
--
ALTER TABLE `wykroczenia`
  ADD PRIMARY KEY (`id`),
  ADD KEY `id` (`id`);

--
-- AUTO_INCREMENT dla zrzuconych tabel
--

--
-- AUTO_INCREMENT dla tabeli `dodawaniekwoty`
--
ALTER TABLE `dodawaniekwoty`
  MODIFY `id` int(11) NOT NULL AUTO_INCREMENT, AUTO_INCREMENT=29;

--
-- AUTO_INCREMENT dla tabeli `dysphistoria`
--
ALTER TABLE `dysphistoria`
  MODIFY `id` int(11) NOT NULL AUTO_INCREMENT, AUTO_INCREMENT=811;

--
-- AUTO_INCREMENT dla tabeli `incydenty`
--
ALTER TABLE `incydenty`
  MODIFY `id` int(11) NOT NULL AUTO_INCREMENT, AUTO_INCREMENT=14;

--
-- AUTO_INCREMENT dla tabeli `konta`
--
ALTER TABLE `konta`
  MODIFY `id` int(11) NOT NULL AUTO_INCREMENT, AUTO_INCREMENT=37;

--
-- AUTO_INCREMENT dla tabeli `kupionewiniety`
--
ALTER TABLE `kupionewiniety`
  MODIFY `id` int(11) NOT NULL AUTO_INCREMENT, AUTO_INCREMENT=35;

--
-- AUTO_INCREMENT dla tabeli `miejscowosci`
--
ALTER TABLE `miejscowosci`
  MODIFY `id` int(11) NOT NULL AUTO_INCREMENT, AUTO_INCREMENT=825;

--
-- AUTO_INCREMENT dla tabeli `notatkiprofilowe`
--
ALTER TABLE `notatkiprofilowe`
  MODIFY `id` int(11) NOT NULL AUTO_INCREMENT, AUTO_INCREMENT=30;

--
-- AUTO_INCREMENT dla tabeli `podwyzka`
--
ALTER TABLE `podwyzka`
  MODIFY `id` int(11) NOT NULL AUTO_INCREMENT, AUTO_INCREMENT=20;

--
-- AUTO_INCREMENT dla tabeli `prompociag`
--
ALTER TABLE `prompociag`
  MODIFY `id` int(11) NOT NULL AUTO_INCREMENT, AUTO_INCREMENT=168;

--
-- AUTO_INCREMENT dla tabeli `rekrutacja`
--
ALTER TABLE `rekrutacja`
  MODIFY `id` int(11) NOT NULL AUTO_INCREMENT, AUTO_INCREMENT=44;

--
-- AUTO_INCREMENT dla tabeli `trasy`
--
ALTER TABLE `trasy`
  MODIFY `id` int(11) NOT NULL AUTO_INCREMENT, AUTO_INCREMENT=758;

--
-- AUTO_INCREMENT dla tabeli `trasyprompociag`
--
ALTER TABLE `trasyprompociag`
  MODIFY `id` int(11) NOT NULL AUTO_INCREMENT, AUTO_INCREMENT=511;

--
-- AUTO_INCREMENT dla tabeli `typkonta`
--
ALTER TABLE `typkonta`
  MODIFY `id` int(11) NOT NULL AUTO_INCREMENT, AUTO_INCREMENT=14;

--
-- AUTO_INCREMENT dla tabeli `typyuprawnien`
--
ALTER TABLE `typyuprawnien`
  MODIFY `id` int(11) NOT NULL AUTO_INCREMENT, AUTO_INCREMENT=41;

--
-- AUTO_INCREMENT dla tabeli `uprawnienia`
--
ALTER TABLE `uprawnienia`
  MODIFY `id` int(11) NOT NULL AUTO_INCREMENT, AUTO_INCREMENT=255;

--
-- AUTO_INCREMENT dla tabeli `ustawienia`
--
ALTER TABLE `ustawienia`
  MODIFY `id` int(11) NOT NULL AUTO_INCREMENT, AUTO_INCREMENT=3;

--
-- AUTO_INCREMENT dla tabeli `winiety`
--
ALTER TABLE `winiety`
  MODIFY `id` int(11) NOT NULL AUTO_INCREMENT, AUTO_INCREMENT=49;

--
-- AUTO_INCREMENT dla tabeli `wykroczenia`
--
ALTER TABLE `wykroczenia`
  MODIFY `id` int(11) NOT NULL AUTO_INCREMENT, AUTO_INCREMENT=8;

--
-- Ograniczenia dla zrzutów tabel
--

--
-- Ograniczenia dla tabeli `dodawaniekwoty`
--
ALTER TABLE `dodawaniekwoty`
  ADD CONSTRAINT `dodawaniekwoty_ibfk_1` FOREIGN KEY (`komu`) REFERENCES `konta` (`id`),
  ADD CONSTRAINT `dodawaniekwoty_ibfk_2` FOREIGN KEY (`kto`) REFERENCES `konta` (`id`);

--
-- Ograniczenia dla tabeli `dysphistoria`
--
ALTER TABLE `dysphistoria`
  ADD CONSTRAINT `dysphistoria_ibfk_1` FOREIGN KEY (`kto`) REFERENCES `konta` (`id`);

--
-- Ograniczenia dla tabeli `incydenty`
--
ALTER TABLE `incydenty`
  ADD CONSTRAINT `incydenty_ibfk_1` FOREIGN KEY (`gdzie`) REFERENCES `miejscowosci` (`id`),
  ADD CONSTRAINT `incydenty_ibfk_2` FOREIGN KEY (`kto`) REFERENCES `konta` (`id`),
  ADD CONSTRAINT `incydenty_ibfk_3` FOREIGN KEY (`wykroczenie`) REFERENCES `wykroczenia` (`id`);

--
-- Ograniczenia dla tabeli `konta`
--
ALTER TABLE `konta`
  ADD CONSTRAINT `konta_ibfk_1` FOREIGN KEY (`typkonta`) REFERENCES `typkonta` (`id`);

--
-- Ograniczenia dla tabeli `trasy`
--
ALTER TABLE `trasy`
  ADD CONSTRAINT `trasy_ibfk_3` FOREIGN KEY (`od`) REFERENCES `miejscowosci` (`id`),
  ADD CONSTRAINT `trasy_ibfk_4` FOREIGN KEY (`do`) REFERENCES `miejscowosci` (`id`);

--
-- Ograniczenia dla tabeli `uprawnienia`
--
ALTER TABLE `uprawnienia`
  ADD CONSTRAINT `uprawnienia_ibfk_1` FOREIGN KEY (`kto`) REFERENCES `konta` (`id`),
  ADD CONSTRAINT `uprawnienia_ibfk_2` FOREIGN KEY (`naco`) REFERENCES `typyuprawnien` (`id`);
COMMIT;

/*!40101 SET CHARACTER_SET_CLIENT=@OLD_CHARACTER_SET_CLIENT */;
/*!40101 SET CHARACTER_SET_RESULTS=@OLD_CHARACTER_SET_RESULTS */;
/*!40101 SET COLLATION_CONNECTION=@OLD_COLLATION_CONNECTION */;
